solid OpenSCAD_Model
  facet normal 1 0 0
    outer loop
      vertex 4.7 104.35 10.39
      vertex 4.7 103.1 6.4
      vertex 4.7 104.35 2.4
    endloop
  endfacet
  facet normal 1 0 0
    outer loop
      vertex 4.7 104.35 10.39
      vertex 4.7 103.091 6.53053
      vertex 4.7 103.1 6.4
    endloop
  endfacet
  facet normal 1 0 0
    outer loop
      vertex 4.7 104.35 10.39
      vertex 4.7 103.066 6.65882
      vertex 4.7 103.091 6.53053
    endloop
  endfacet
  facet normal 1 0 0
    outer loop
      vertex 4.7 104.35 10.39
      vertex 4.7 103.024 6.78268
      vertex 4.7 103.066 6.65882
    endloop
  endfacet
  facet normal 1 0 0
    outer loop
      vertex 4.7 104.35 10.39
      vertex 4.7 102.966 6.9
      vertex 4.7 103.024 6.78268
    endloop
  endfacet
  facet normal 1 0 0
    outer loop
      vertex 4.7 104.35 10.39
      vertex 4.7 102.893 7.00876
      vertex 4.7 102.966 6.9
    endloop
  endfacet
  facet normal 1 0 0
    outer loop
      vertex 4.7 104.35 10.39
      vertex 4.7 102.807 7.10711
      vertex 4.7 102.893 7.00876
    endloop
  endfacet
  facet normal 1 0 0
    outer loop
      vertex 4.7 104.35 10.39
      vertex 4.7 102.709 7.19335
      vertex 4.7 102.807 7.10711
    endloop
  endfacet
  facet normal 1 0 0
    outer loop
      vertex 4.7 104.35 10.39
      vertex 4.7 102.6 7.26602
      vertex 4.7 102.709 7.19335
    endloop
  endfacet
  facet normal 1 0 0
    outer loop
      vertex 4.7 104.35 10.39
      vertex 4.7 102.483 7.32388
      vertex 4.7 102.6 7.26602
    endloop
  endfacet
  facet normal 1 0 0
    outer loop
      vertex 4.7 104.35 10.39
      vertex 4.7 102.359 7.36593
      vertex 4.7 102.483 7.32388
    endloop
  endfacet
  facet normal 1 0 0
    outer loop
      vertex 4.7 104.35 10.39
      vertex 4.7 102.231 7.39144
      vertex 4.7 102.359 7.36593
    endloop
  endfacet
  facet normal 1 0 0
    outer loop
      vertex 4.7 104.35 10.39
      vertex 4.7 102.1 7.4
      vertex 4.7 102.231 7.39144
    endloop
  endfacet
  facet normal 1 -0 0
    outer loop
      vertex 4.7 99.85 10.39
      vertex 4.7 102.1 7.4
      vertex 4.7 104.35 10.39
    endloop
  endfacet
  facet normal 1 0 0
    outer loop
      vertex 4.7 102.1 7.4
      vertex 4.7 99.85 10.39
      vertex 4.7 101.969 7.39144
    endloop
  endfacet
  facet normal 1 0 0
    outer loop
      vertex 4.7 101.969 7.39144
      vertex 4.7 99.85 10.39
      vertex 4.7 101.841 7.36593
    endloop
  endfacet
  facet normal 1 0 0
    outer loop
      vertex 4.7 101.841 7.36593
      vertex 4.7 99.85 10.39
      vertex 4.7 101.717 7.32388
    endloop
  endfacet
  facet normal 1 0 0
    outer loop
      vertex 4.7 101.717 7.32388
      vertex 4.7 99.85 10.39
      vertex 4.7 101.6 7.26602
    endloop
  endfacet
  facet normal 1 0 0
    outer loop
      vertex 4.7 101.6 7.26602
      vertex 4.7 99.85 10.39
      vertex 4.7 101.491 7.19335
    endloop
  endfacet
  facet normal 1 0 0
    outer loop
      vertex 4.7 101.109 6.53053
      vertex 4.7 99.85 10.39
      vertex 4.7 101.1 6.4
    endloop
  endfacet
  facet normal 1 0 0
    outer loop
      vertex 4.7 101.134 6.65882
      vertex 4.7 99.85 10.39
      vertex 4.7 101.109 6.53053
    endloop
  endfacet
  facet normal 1 0 0
    outer loop
      vertex 4.7 101.176 6.78268
      vertex 4.7 99.85 10.39
      vertex 4.7 101.134 6.65882
    endloop
  endfacet
  facet normal 1 0 0
    outer loop
      vertex 4.7 101.234 6.9
      vertex 4.7 99.85 10.39
      vertex 4.7 101.176 6.78268
    endloop
  endfacet
  facet normal 1 0 0
    outer loop
      vertex 4.7 101.307 7.00876
      vertex 4.7 99.85 10.39
      vertex 4.7 101.234 6.9
    endloop
  endfacet
  facet normal 1 0 0
    outer loop
      vertex 4.7 101.393 7.10711
      vertex 4.7 99.85 10.39
      vertex 4.7 101.307 7.00876
    endloop
  endfacet
  facet normal 1 0 0
    outer loop
      vertex 4.7 101.491 7.19335
      vertex 4.7 99.85 10.39
      vertex 4.7 101.393 7.10711
    endloop
  endfacet
  facet normal 1 -0 0
    outer loop
      vertex 4.7 103.091 6.26947
      vertex 4.7 104.35 2.4
      vertex 4.7 103.1 6.4
    endloop
  endfacet
  facet normal 1 -0 0
    outer loop
      vertex 4.7 103.066 6.14118
      vertex 4.7 104.35 2.4
      vertex 4.7 103.091 6.26947
    endloop
  endfacet
  facet normal 1 -0 0
    outer loop
      vertex 4.7 103.024 6.01732
      vertex 4.7 104.35 2.4
      vertex 4.7 103.066 6.14118
    endloop
  endfacet
  facet normal 1 -0 0
    outer loop
      vertex 4.7 102.966 5.9
      vertex 4.7 104.35 2.4
      vertex 4.7 103.024 6.01732
    endloop
  endfacet
  facet normal 1 -0 0
    outer loop
      vertex 4.7 102.893 5.79124
      vertex 4.7 104.35 2.4
      vertex 4.7 102.966 5.9
    endloop
  endfacet
  facet normal 1 -0 0
    outer loop
      vertex 4.7 102.807 5.69289
      vertex 4.7 104.35 2.4
      vertex 4.7 102.893 5.79124
    endloop
  endfacet
  facet normal 1 -0 0
    outer loop
      vertex 4.7 102.709 5.60665
      vertex 4.7 104.35 2.4
      vertex 4.7 102.807 5.69289
    endloop
  endfacet
  facet normal 1 -0 0
    outer loop
      vertex 4.7 102.6 5.53397
      vertex 4.7 104.35 2.4
      vertex 4.7 102.709 5.60665
    endloop
  endfacet
  facet normal 1 -0 0
    outer loop
      vertex 4.7 102.483 5.47612
      vertex 4.7 104.35 2.4
      vertex 4.7 102.6 5.53397
    endloop
  endfacet
  facet normal 1 -0 0
    outer loop
      vertex 4.7 102.359 5.43407
      vertex 4.7 104.35 2.4
      vertex 4.7 102.483 5.47612
    endloop
  endfacet
  facet normal 1 -0 0
    outer loop
      vertex 4.7 102.231 5.40856
      vertex 4.7 104.35 2.4
      vertex 4.7 102.359 5.43407
    endloop
  endfacet
  facet normal 1 -0 0
    outer loop
      vertex 4.7 102.1 5.4
      vertex 4.7 104.35 2.4
      vertex 4.7 102.231 5.40856
    endloop
  endfacet
  facet normal 1 0 0
    outer loop
      vertex 4.7 99.85 2.4
      vertex 4.7 102.1 5.4
      vertex 4.7 101.969 5.40856
    endloop
  endfacet
  facet normal 1 0 0
    outer loop
      vertex 4.7 99.85 2.4
      vertex 4.7 101.969 5.40856
      vertex 4.7 101.841 5.43407
    endloop
  endfacet
  facet normal 1 0 0
    outer loop
      vertex 4.7 99.85 2.4
      vertex 4.7 101.841 5.43407
      vertex 4.7 101.717 5.47612
    endloop
  endfacet
  facet normal 1 0 0
    outer loop
      vertex 4.7 99.85 2.4
      vertex 4.7 101.717 5.47612
      vertex 4.7 101.6 5.53397
    endloop
  endfacet
  facet normal 1 0 0
    outer loop
      vertex 4.7 99.85 2.4
      vertex 4.7 101.6 5.53397
      vertex 4.7 101.491 5.60665
    endloop
  endfacet
  facet normal 1 0 0
    outer loop
      vertex 4.7 99.85 2.4
      vertex 4.7 101.491 5.60665
      vertex 4.7 101.393 5.69289
    endloop
  endfacet
  facet normal 1 0 0
    outer loop
      vertex 4.7 99.85 2.4
      vertex 4.7 101.1 6.4
      vertex 4.7 99.85 10.39
    endloop
  endfacet
  facet normal 1 0 0
    outer loop
      vertex 4.7 101.1 6.4
      vertex 4.7 99.85 2.4
      vertex 4.7 101.109 6.26947
    endloop
  endfacet
  facet normal 1 0 0
    outer loop
      vertex 4.7 102.1 5.4
      vertex 4.7 99.85 2.4
      vertex 4.7 104.35 2.4
    endloop
  endfacet
  facet normal 1 0 0
    outer loop
      vertex 4.7 101.307 5.79124
      vertex 4.7 99.85 2.4
      vertex 4.7 101.393 5.69289
    endloop
  endfacet
  facet normal 1 0 0
    outer loop
      vertex 4.7 101.234 5.9
      vertex 4.7 99.85 2.4
      vertex 4.7 101.307 5.79124
    endloop
  endfacet
  facet normal 1 0 0
    outer loop
      vertex 4.7 101.176 6.01732
      vertex 4.7 99.85 2.4
      vertex 4.7 101.234 5.9
    endloop
  endfacet
  facet normal 1 0 0
    outer loop
      vertex 4.7 101.134 6.14118
      vertex 4.7 99.85 2.4
      vertex 4.7 101.176 6.01732
    endloop
  endfacet
  facet normal 1 0 0
    outer loop
      vertex 4.7 101.109 6.26947
      vertex 4.7 99.85 2.4
      vertex 4.7 101.134 6.14118
    endloop
  endfacet
  facet normal -0 0 1
    outer loop
      vertex 1.5 104.35 10.39
      vertex 4.7 99.85 10.39
      vertex 4.7 104.35 10.39
    endloop
  endfacet
  facet normal 0 0 1
    outer loop
      vertex 4.7 99.85 10.39
      vertex 1.5 104.35 10.39
      vertex 1.5 99.85 10.39
    endloop
  endfacet
  facet normal -1 0 0
    outer loop
      vertex 1.5 104.35 2.4
      vertex 1.5 103.1 6.4
      vertex 1.5 104.35 10.39
    endloop
  endfacet
  facet normal -1 0 0
    outer loop
      vertex 1.5 104.35 2.4
      vertex 1.5 103.091 6.26947
      vertex 1.5 103.1 6.4
    endloop
  endfacet
  facet normal -1 0 0
    outer loop
      vertex 1.5 104.35 2.4
      vertex 1.5 103.066 6.14118
      vertex 1.5 103.091 6.26947
    endloop
  endfacet
  facet normal -1 0 0
    outer loop
      vertex 1.5 104.35 2.4
      vertex 1.5 103.024 6.01732
      vertex 1.5 103.066 6.14118
    endloop
  endfacet
  facet normal -1 0 0
    outer loop
      vertex 1.5 104.35 2.4
      vertex 1.5 102.966 5.9
      vertex 1.5 103.024 6.01732
    endloop
  endfacet
  facet normal -1 0 0
    outer loop
      vertex 1.5 104.35 2.4
      vertex 1.5 102.893 5.79124
      vertex 1.5 102.966 5.9
    endloop
  endfacet
  facet normal -1 0 0
    outer loop
      vertex 1.5 104.35 2.4
      vertex 1.5 102.807 5.69289
      vertex 1.5 102.893 5.79124
    endloop
  endfacet
  facet normal -1 0 0
    outer loop
      vertex 1.5 104.35 2.4
      vertex 1.5 102.709 5.60665
      vertex 1.5 102.807 5.69289
    endloop
  endfacet
  facet normal -1 0 0
    outer loop
      vertex 1.5 104.35 2.4
      vertex 1.5 102.6 5.53397
      vertex 1.5 102.709 5.60665
    endloop
  endfacet
  facet normal -1 0 0
    outer loop
      vertex 1.5 104.35 2.4
      vertex 1.5 102.483 5.47612
      vertex 1.5 102.6 5.53397
    endloop
  endfacet
  facet normal -1 0 0
    outer loop
      vertex 1.5 104.35 2.4
      vertex 1.5 102.359 5.43407
      vertex 1.5 102.483 5.47612
    endloop
  endfacet
  facet normal -1 0 0
    outer loop
      vertex 1.5 104.35 2.4
      vertex 1.5 102.231 5.40856
      vertex 1.5 102.359 5.43407
    endloop
  endfacet
  facet normal -1 0 0
    outer loop
      vertex 1.5 104.35 2.4
      vertex 1.5 102.1 5.4
      vertex 1.5 102.231 5.40856
    endloop
  endfacet
  facet normal -1 0 0
    outer loop
      vertex 1.5 99.85 2.4
      vertex 1.5 102.1 5.4
      vertex 1.5 104.35 2.4
    endloop
  endfacet
  facet normal -1 -0 0
    outer loop
      vertex 1.5 102.1 5.4
      vertex 1.5 99.85 2.4
      vertex 1.5 101.969 5.40856
    endloop
  endfacet
  facet normal -1 -0 0
    outer loop
      vertex 1.5 101.969 5.40856
      vertex 1.5 99.85 2.4
      vertex 1.5 101.841 5.43407
    endloop
  endfacet
  facet normal -1 -0 0
    outer loop
      vertex 1.5 101.841 5.43407
      vertex 1.5 99.85 2.4
      vertex 1.5 101.717 5.47612
    endloop
  endfacet
  facet normal -1 -0 0
    outer loop
      vertex 1.5 101.717 5.47612
      vertex 1.5 99.85 2.4
      vertex 1.5 101.6 5.53397
    endloop
  endfacet
  facet normal -1 -0 0
    outer loop
      vertex 1.5 101.6 5.53397
      vertex 1.5 99.85 2.4
      vertex 1.5 101.491 5.60665
    endloop
  endfacet
  facet normal -1 -0 0
    outer loop
      vertex 1.5 101.109 6.26947
      vertex 1.5 99.85 2.4
      vertex 1.5 101.1 6.4
    endloop
  endfacet
  facet normal -1 -0 0
    outer loop
      vertex 1.5 101.134 6.14118
      vertex 1.5 99.85 2.4
      vertex 1.5 101.109 6.26947
    endloop
  endfacet
  facet normal -1 -0 0
    outer loop
      vertex 1.5 101.176 6.01732
      vertex 1.5 99.85 2.4
      vertex 1.5 101.134 6.14118
    endloop
  endfacet
  facet normal -1 -0 0
    outer loop
      vertex 1.5 101.234 5.9
      vertex 1.5 99.85 2.4
      vertex 1.5 101.176 6.01732
    endloop
  endfacet
  facet normal -1 -0 0
    outer loop
      vertex 1.5 101.307 5.79124
      vertex 1.5 99.85 2.4
      vertex 1.5 101.234 5.9
    endloop
  endfacet
  facet normal -1 -0 0
    outer loop
      vertex 1.5 101.393 5.69289
      vertex 1.5 99.85 2.4
      vertex 1.5 101.307 5.79124
    endloop
  endfacet
  facet normal -1 -0 0
    outer loop
      vertex 1.5 101.491 5.60665
      vertex 1.5 99.85 2.4
      vertex 1.5 101.393 5.69289
    endloop
  endfacet
  facet normal -1 0 0
    outer loop
      vertex 1.5 103.091 6.53053
      vertex 1.5 104.35 10.39
      vertex 1.5 103.1 6.4
    endloop
  endfacet
  facet normal -1 0 0
    outer loop
      vertex 1.5 103.066 6.65882
      vertex 1.5 104.35 10.39
      vertex 1.5 103.091 6.53053
    endloop
  endfacet
  facet normal -1 0 0
    outer loop
      vertex 1.5 103.024 6.78268
      vertex 1.5 104.35 10.39
      vertex 1.5 103.066 6.65882
    endloop
  endfacet
  facet normal -1 0 0
    outer loop
      vertex 1.5 102.966 6.9
      vertex 1.5 104.35 10.39
      vertex 1.5 103.024 6.78268
    endloop
  endfacet
  facet normal -1 0 0
    outer loop
      vertex 1.5 102.893 7.00876
      vertex 1.5 104.35 10.39
      vertex 1.5 102.966 6.9
    endloop
  endfacet
  facet normal -1 0 0
    outer loop
      vertex 1.5 102.807 7.10711
      vertex 1.5 104.35 10.39
      vertex 1.5 102.893 7.00876
    endloop
  endfacet
  facet normal -1 0 0
    outer loop
      vertex 1.5 102.709 7.19335
      vertex 1.5 104.35 10.39
      vertex 1.5 102.807 7.10711
    endloop
  endfacet
  facet normal -1 0 0
    outer loop
      vertex 1.5 102.6 7.26602
      vertex 1.5 104.35 10.39
      vertex 1.5 102.709 7.19335
    endloop
  endfacet
  facet normal -1 0 0
    outer loop
      vertex 1.5 102.483 7.32388
      vertex 1.5 104.35 10.39
      vertex 1.5 102.6 7.26602
    endloop
  endfacet
  facet normal -1 0 0
    outer loop
      vertex 1.5 102.359 7.36593
      vertex 1.5 104.35 10.39
      vertex 1.5 102.483 7.32388
    endloop
  endfacet
  facet normal -1 0 0
    outer loop
      vertex 1.5 102.231 7.39144
      vertex 1.5 104.35 10.39
      vertex 1.5 102.359 7.36593
    endloop
  endfacet
  facet normal -1 0 0
    outer loop
      vertex 1.5 102.1 7.4
      vertex 1.5 104.35 10.39
      vertex 1.5 102.231 7.39144
    endloop
  endfacet
  facet normal -1 0 0
    outer loop
      vertex 1.5 99.85 10.39
      vertex 1.5 102.1 7.4
      vertex 1.5 101.969 7.39144
    endloop
  endfacet
  facet normal -1 0 0
    outer loop
      vertex 1.5 99.85 10.39
      vertex 1.5 101.969 7.39144
      vertex 1.5 101.841 7.36593
    endloop
  endfacet
  facet normal -1 0 0
    outer loop
      vertex 1.5 99.85 10.39
      vertex 1.5 101.841 7.36593
      vertex 1.5 101.717 7.32388
    endloop
  endfacet
  facet normal -1 0 0
    outer loop
      vertex 1.5 99.85 10.39
      vertex 1.5 101.717 7.32388
      vertex 1.5 101.6 7.26602
    endloop
  endfacet
  facet normal -1 0 0
    outer loop
      vertex 1.5 99.85 10.39
      vertex 1.5 101.6 7.26602
      vertex 1.5 101.491 7.19335
    endloop
  endfacet
  facet normal -1 0 0
    outer loop
      vertex 1.5 99.85 10.39
      vertex 1.5 101.491 7.19335
      vertex 1.5 101.393 7.10711
    endloop
  endfacet
  facet normal -1 0 0
    outer loop
      vertex 1.5 99.85 10.39
      vertex 1.5 101.1 6.4
      vertex 1.5 99.85 2.4
    endloop
  endfacet
  facet normal -1 0 0
    outer loop
      vertex 1.5 101.1 6.4
      vertex 1.5 99.85 10.39
      vertex 1.5 101.109 6.53053
    endloop
  endfacet
  facet normal -1 0 0
    outer loop
      vertex 1.5 102.1 7.4
      vertex 1.5 99.85 10.39
      vertex 1.5 104.35 10.39
    endloop
  endfacet
  facet normal -1 0 0
    outer loop
      vertex 1.5 101.307 7.00876
      vertex 1.5 99.85 10.39
      vertex 1.5 101.393 7.10711
    endloop
  endfacet
  facet normal -1 0 0
    outer loop
      vertex 1.5 101.234 6.9
      vertex 1.5 99.85 10.39
      vertex 1.5 101.307 7.00876
    endloop
  endfacet
  facet normal -1 0 0
    outer loop
      vertex 1.5 101.176 6.78268
      vertex 1.5 99.85 10.39
      vertex 1.5 101.234 6.9
    endloop
  endfacet
  facet normal -1 0 0
    outer loop
      vertex 1.5 101.134 6.65882
      vertex 1.5 99.85 10.39
      vertex 1.5 101.176 6.78268
    endloop
  endfacet
  facet normal -1 0 0
    outer loop
      vertex 1.5 101.109 6.53053
      vertex 1.5 99.85 10.39
      vertex 1.5 101.134 6.65882
    endloop
  endfacet
  facet normal 0 1 -0
    outer loop
      vertex 4.7 104.35 2.4
      vertex 1.5 104.35 10.39
      vertex 4.7 104.35 10.39
    endloop
  endfacet
  facet normal 0 1 0
    outer loop
      vertex 1.5 104.35 10.39
      vertex 4.7 104.35 2.4
      vertex 1.5 104.35 2.4
    endloop
  endfacet
  facet normal 0 -1 0
    outer loop
      vertex 1.5 99.85 2.4
      vertex 4.7 99.85 10.39
      vertex 1.5 99.85 10.39
    endloop
  endfacet
  facet normal 0 -1 -0
    outer loop
      vertex 4.7 99.85 10.39
      vertex 1.5 99.85 2.4
      vertex 4.7 99.85 2.4
    endloop
  endfacet
  facet normal 1 0 0
    outer loop
      vertex 88 104.35 10.39
      vertex 88 103.1 6.4
      vertex 88 104.35 2.4
    endloop
  endfacet
  facet normal 1 0 0
    outer loop
      vertex 88 104.35 10.39
      vertex 88 103.091 6.53053
      vertex 88 103.1 6.4
    endloop
  endfacet
  facet normal 1 0 0
    outer loop
      vertex 88 104.35 10.39
      vertex 88 103.066 6.65882
      vertex 88 103.091 6.53053
    endloop
  endfacet
  facet normal 1 0 0
    outer loop
      vertex 88 104.35 10.39
      vertex 88 103.024 6.78268
      vertex 88 103.066 6.65882
    endloop
  endfacet
  facet normal 1 0 0
    outer loop
      vertex 88 104.35 10.39
      vertex 88 102.966 6.9
      vertex 88 103.024 6.78268
    endloop
  endfacet
  facet normal 1 0 0
    outer loop
      vertex 88 104.35 10.39
      vertex 88 102.893 7.00876
      vertex 88 102.966 6.9
    endloop
  endfacet
  facet normal 1 0 0
    outer loop
      vertex 88 104.35 10.39
      vertex 88 102.807 7.10711
      vertex 88 102.893 7.00876
    endloop
  endfacet
  facet normal 1 0 0
    outer loop
      vertex 88 104.35 10.39
      vertex 88 102.709 7.19335
      vertex 88 102.807 7.10711
    endloop
  endfacet
  facet normal 1 0 0
    outer loop
      vertex 88 104.35 10.39
      vertex 88 102.6 7.26602
      vertex 88 102.709 7.19335
    endloop
  endfacet
  facet normal 1 0 0
    outer loop
      vertex 88 104.35 10.39
      vertex 88 102.483 7.32388
      vertex 88 102.6 7.26602
    endloop
  endfacet
  facet normal 1 0 0
    outer loop
      vertex 88 104.35 10.39
      vertex 88 102.359 7.36593
      vertex 88 102.483 7.32388
    endloop
  endfacet
  facet normal 1 0 0
    outer loop
      vertex 88 104.35 10.39
      vertex 88 102.231 7.39144
      vertex 88 102.359 7.36593
    endloop
  endfacet
  facet normal 1 0 0
    outer loop
      vertex 88 104.35 10.39
      vertex 88 102.1 7.4
      vertex 88 102.231 7.39144
    endloop
  endfacet
  facet normal 1 -0 0
    outer loop
      vertex 88 99.85 10.39
      vertex 88 102.1 7.4
      vertex 88 104.35 10.39
    endloop
  endfacet
  facet normal 1 0 0
    outer loop
      vertex 88 102.1 7.4
      vertex 88 99.85 10.39
      vertex 88 101.969 7.39144
    endloop
  endfacet
  facet normal 1 0 0
    outer loop
      vertex 88 101.969 7.39144
      vertex 88 99.85 10.39
      vertex 88 101.841 7.36593
    endloop
  endfacet
  facet normal 1 0 0
    outer loop
      vertex 88 101.841 7.36593
      vertex 88 99.85 10.39
      vertex 88 101.717 7.32388
    endloop
  endfacet
  facet normal 1 0 0
    outer loop
      vertex 88 101.717 7.32388
      vertex 88 99.85 10.39
      vertex 88 101.6 7.26602
    endloop
  endfacet
  facet normal 1 0 0
    outer loop
      vertex 88 101.6 7.26602
      vertex 88 99.85 10.39
      vertex 88 101.491 7.19335
    endloop
  endfacet
  facet normal 1 0 0
    outer loop
      vertex 88 101.109 6.53053
      vertex 88 99.85 10.39
      vertex 88 101.1 6.4
    endloop
  endfacet
  facet normal 1 0 0
    outer loop
      vertex 88 101.134 6.65882
      vertex 88 99.85 10.39
      vertex 88 101.109 6.53053
    endloop
  endfacet
  facet normal 1 0 0
    outer loop
      vertex 88 101.176 6.78268
      vertex 88 99.85 10.39
      vertex 88 101.134 6.65882
    endloop
  endfacet
  facet normal 1 0 0
    outer loop
      vertex 88 101.234 6.9
      vertex 88 99.85 10.39
      vertex 88 101.176 6.78268
    endloop
  endfacet
  facet normal 1 0 0
    outer loop
      vertex 88 101.307 7.00876
      vertex 88 99.85 10.39
      vertex 88 101.234 6.9
    endloop
  endfacet
  facet normal 1 0 0
    outer loop
      vertex 88 101.393 7.10711
      vertex 88 99.85 10.39
      vertex 88 101.307 7.00876
    endloop
  endfacet
  facet normal 1 0 0
    outer loop
      vertex 88 101.491 7.19335
      vertex 88 99.85 10.39
      vertex 88 101.393 7.10711
    endloop
  endfacet
  facet normal 1 -0 0
    outer loop
      vertex 88 103.091 6.26947
      vertex 88 104.35 2.4
      vertex 88 103.1 6.4
    endloop
  endfacet
  facet normal 1 -0 0
    outer loop
      vertex 88 103.066 6.14118
      vertex 88 104.35 2.4
      vertex 88 103.091 6.26947
    endloop
  endfacet
  facet normal 1 -0 0
    outer loop
      vertex 88 103.024 6.01732
      vertex 88 104.35 2.4
      vertex 88 103.066 6.14118
    endloop
  endfacet
  facet normal 1 -0 0
    outer loop
      vertex 88 102.966 5.9
      vertex 88 104.35 2.4
      vertex 88 103.024 6.01732
    endloop
  endfacet
  facet normal 1 -0 0
    outer loop
      vertex 88 102.893 5.79124
      vertex 88 104.35 2.4
      vertex 88 102.966 5.9
    endloop
  endfacet
  facet normal 1 -0 0
    outer loop
      vertex 88 102.807 5.69289
      vertex 88 104.35 2.4
      vertex 88 102.893 5.79124
    endloop
  endfacet
  facet normal 1 -0 0
    outer loop
      vertex 88 102.709 5.60665
      vertex 88 104.35 2.4
      vertex 88 102.807 5.69289
    endloop
  endfacet
  facet normal 1 -0 0
    outer loop
      vertex 88 102.6 5.53397
      vertex 88 104.35 2.4
      vertex 88 102.709 5.60665
    endloop
  endfacet
  facet normal 1 -0 0
    outer loop
      vertex 88 102.483 5.47612
      vertex 88 104.35 2.4
      vertex 88 102.6 5.53397
    endloop
  endfacet
  facet normal 1 -0 0
    outer loop
      vertex 88 102.359 5.43407
      vertex 88 104.35 2.4
      vertex 88 102.483 5.47612
    endloop
  endfacet
  facet normal 1 -0 0
    outer loop
      vertex 88 102.231 5.40856
      vertex 88 104.35 2.4
      vertex 88 102.359 5.43407
    endloop
  endfacet
  facet normal 1 -0 0
    outer loop
      vertex 88 102.1 5.4
      vertex 88 104.35 2.4
      vertex 88 102.231 5.40856
    endloop
  endfacet
  facet normal 1 0 0
    outer loop
      vertex 88 99.85 2.4
      vertex 88 102.1 5.4
      vertex 88 101.969 5.40856
    endloop
  endfacet
  facet normal 1 0 0
    outer loop
      vertex 88 99.85 2.4
      vertex 88 101.969 5.40856
      vertex 88 101.841 5.43407
    endloop
  endfacet
  facet normal 1 0 0
    outer loop
      vertex 88 99.85 2.4
      vertex 88 101.841 5.43407
      vertex 88 101.717 5.47612
    endloop
  endfacet
  facet normal 1 0 0
    outer loop
      vertex 88 99.85 2.4
      vertex 88 101.717 5.47612
      vertex 88 101.6 5.53397
    endloop
  endfacet
  facet normal 1 0 0
    outer loop
      vertex 88 99.85 2.4
      vertex 88 101.6 5.53397
      vertex 88 101.491 5.60665
    endloop
  endfacet
  facet normal 1 0 0
    outer loop
      vertex 88 99.85 2.4
      vertex 88 101.491 5.60665
      vertex 88 101.393 5.69289
    endloop
  endfacet
  facet normal 1 0 0
    outer loop
      vertex 88 99.85 2.4
      vertex 88 101.1 6.4
      vertex 88 99.85 10.39
    endloop
  endfacet
  facet normal 1 0 0
    outer loop
      vertex 88 101.1 6.4
      vertex 88 99.85 2.4
      vertex 88 101.109 6.26947
    endloop
  endfacet
  facet normal 1 0 0
    outer loop
      vertex 88 102.1 5.4
      vertex 88 99.85 2.4
      vertex 88 104.35 2.4
    endloop
  endfacet
  facet normal 1 0 0
    outer loop
      vertex 88 101.307 5.79124
      vertex 88 99.85 2.4
      vertex 88 101.393 5.69289
    endloop
  endfacet
  facet normal 1 0 0
    outer loop
      vertex 88 101.234 5.9
      vertex 88 99.85 2.4
      vertex 88 101.307 5.79124
    endloop
  endfacet
  facet normal 1 0 0
    outer loop
      vertex 88 101.176 6.01732
      vertex 88 99.85 2.4
      vertex 88 101.234 5.9
    endloop
  endfacet
  facet normal 1 0 0
    outer loop
      vertex 88 101.134 6.14118
      vertex 88 99.85 2.4
      vertex 88 101.176 6.01732
    endloop
  endfacet
  facet normal 1 0 0
    outer loop
      vertex 88 101.109 6.26947
      vertex 88 99.85 2.4
      vertex 88 101.134 6.14118
    endloop
  endfacet
  facet normal -0 0 1
    outer loop
      vertex 84.8 104.35 10.39
      vertex 88 99.85 10.39
      vertex 88 104.35 10.39
    endloop
  endfacet
  facet normal 0 0 1
    outer loop
      vertex 88 99.85 10.39
      vertex 84.8 104.35 10.39
      vertex 84.8 99.85 10.39
    endloop
  endfacet
  facet normal -1 0 0
    outer loop
      vertex 84.8 104.35 2.4
      vertex 84.8 103.1 6.4
      vertex 84.8 104.35 10.39
    endloop
  endfacet
  facet normal -1 0 0
    outer loop
      vertex 84.8 104.35 2.4
      vertex 84.8 103.091 6.26947
      vertex 84.8 103.1 6.4
    endloop
  endfacet
  facet normal -1 0 0
    outer loop
      vertex 84.8 104.35 2.4
      vertex 84.8 103.066 6.14118
      vertex 84.8 103.091 6.26947
    endloop
  endfacet
  facet normal -1 0 0
    outer loop
      vertex 84.8 104.35 2.4
      vertex 84.8 103.024 6.01732
      vertex 84.8 103.066 6.14118
    endloop
  endfacet
  facet normal -1 0 0
    outer loop
      vertex 84.8 104.35 2.4
      vertex 84.8 102.966 5.9
      vertex 84.8 103.024 6.01732
    endloop
  endfacet
  facet normal -1 0 0
    outer loop
      vertex 84.8 104.35 2.4
      vertex 84.8 102.893 5.79124
      vertex 84.8 102.966 5.9
    endloop
  endfacet
  facet normal -1 0 0
    outer loop
      vertex 84.8 104.35 2.4
      vertex 84.8 102.807 5.69289
      vertex 84.8 102.893 5.79124
    endloop
  endfacet
  facet normal -1 0 0
    outer loop
      vertex 84.8 104.35 2.4
      vertex 84.8 102.709 5.60665
      vertex 84.8 102.807 5.69289
    endloop
  endfacet
  facet normal -1 0 0
    outer loop
      vertex 84.8 104.35 2.4
      vertex 84.8 102.6 5.53397
      vertex 84.8 102.709 5.60665
    endloop
  endfacet
  facet normal -1 0 0
    outer loop
      vertex 84.8 104.35 2.4
      vertex 84.8 102.483 5.47612
      vertex 84.8 102.6 5.53397
    endloop
  endfacet
  facet normal -1 0 0
    outer loop
      vertex 84.8 104.35 2.4
      vertex 84.8 102.359 5.43407
      vertex 84.8 102.483 5.47612
    endloop
  endfacet
  facet normal -1 0 0
    outer loop
      vertex 84.8 104.35 2.4
      vertex 84.8 102.231 5.40856
      vertex 84.8 102.359 5.43407
    endloop
  endfacet
  facet normal -1 0 0
    outer loop
      vertex 84.8 104.35 2.4
      vertex 84.8 102.1 5.4
      vertex 84.8 102.231 5.40856
    endloop
  endfacet
  facet normal -1 0 0
    outer loop
      vertex 84.8 99.85 2.4
      vertex 84.8 102.1 5.4
      vertex 84.8 104.35 2.4
    endloop
  endfacet
  facet normal -1 -0 0
    outer loop
      vertex 84.8 102.1 5.4
      vertex 84.8 99.85 2.4
      vertex 84.8 101.969 5.40856
    endloop
  endfacet
  facet normal -1 -0 0
    outer loop
      vertex 84.8 101.969 5.40856
      vertex 84.8 99.85 2.4
      vertex 84.8 101.841 5.43407
    endloop
  endfacet
  facet normal -1 -0 0
    outer loop
      vertex 84.8 101.841 5.43407
      vertex 84.8 99.85 2.4
      vertex 84.8 101.717 5.47612
    endloop
  endfacet
  facet normal -1 -0 0
    outer loop
      vertex 84.8 101.717 5.47612
      vertex 84.8 99.85 2.4
      vertex 84.8 101.6 5.53397
    endloop
  endfacet
  facet normal -1 -0 0
    outer loop
      vertex 84.8 101.6 5.53397
      vertex 84.8 99.85 2.4
      vertex 84.8 101.491 5.60665
    endloop
  endfacet
  facet normal -1 -0 0
    outer loop
      vertex 84.8 101.109 6.26947
      vertex 84.8 99.85 2.4
      vertex 84.8 101.1 6.4
    endloop
  endfacet
  facet normal -1 -0 0
    outer loop
      vertex 84.8 101.134 6.14118
      vertex 84.8 99.85 2.4
      vertex 84.8 101.109 6.26947
    endloop
  endfacet
  facet normal -1 -0 0
    outer loop
      vertex 84.8 101.176 6.01732
      vertex 84.8 99.85 2.4
      vertex 84.8 101.134 6.14118
    endloop
  endfacet
  facet normal -1 -0 0
    outer loop
      vertex 84.8 101.234 5.9
      vertex 84.8 99.85 2.4
      vertex 84.8 101.176 6.01732
    endloop
  endfacet
  facet normal -1 -0 0
    outer loop
      vertex 84.8 101.307 5.79124
      vertex 84.8 99.85 2.4
      vertex 84.8 101.234 5.9
    endloop
  endfacet
  facet normal -1 -0 0
    outer loop
      vertex 84.8 101.393 5.69289
      vertex 84.8 99.85 2.4
      vertex 84.8 101.307 5.79124
    endloop
  endfacet
  facet normal -1 -0 0
    outer loop
      vertex 84.8 101.491 5.60665
      vertex 84.8 99.85 2.4
      vertex 84.8 101.393 5.69289
    endloop
  endfacet
  facet normal -1 0 0
    outer loop
      vertex 84.8 103.091 6.53053
      vertex 84.8 104.35 10.39
      vertex 84.8 103.1 6.4
    endloop
  endfacet
  facet normal -1 0 0
    outer loop
      vertex 84.8 103.066 6.65882
      vertex 84.8 104.35 10.39
      vertex 84.8 103.091 6.53053
    endloop
  endfacet
  facet normal -1 0 0
    outer loop
      vertex 84.8 103.024 6.78268
      vertex 84.8 104.35 10.39
      vertex 84.8 103.066 6.65882
    endloop
  endfacet
  facet normal -1 0 0
    outer loop
      vertex 84.8 102.966 6.9
      vertex 84.8 104.35 10.39
      vertex 84.8 103.024 6.78268
    endloop
  endfacet
  facet normal -1 0 0
    outer loop
      vertex 84.8 102.893 7.00876
      vertex 84.8 104.35 10.39
      vertex 84.8 102.966 6.9
    endloop
  endfacet
  facet normal -1 0 0
    outer loop
      vertex 84.8 102.807 7.10711
      vertex 84.8 104.35 10.39
      vertex 84.8 102.893 7.00876
    endloop
  endfacet
  facet normal -1 0 0
    outer loop
      vertex 84.8 102.709 7.19335
      vertex 84.8 104.35 10.39
      vertex 84.8 102.807 7.10711
    endloop
  endfacet
  facet normal -1 0 0
    outer loop
      vertex 84.8 102.6 7.26602
      vertex 84.8 104.35 10.39
      vertex 84.8 102.709 7.19335
    endloop
  endfacet
  facet normal -1 0 0
    outer loop
      vertex 84.8 102.483 7.32388
      vertex 84.8 104.35 10.39
      vertex 84.8 102.6 7.26602
    endloop
  endfacet
  facet normal -1 0 0
    outer loop
      vertex 84.8 102.359 7.36593
      vertex 84.8 104.35 10.39
      vertex 84.8 102.483 7.32388
    endloop
  endfacet
  facet normal -1 0 0
    outer loop
      vertex 84.8 102.231 7.39144
      vertex 84.8 104.35 10.39
      vertex 84.8 102.359 7.36593
    endloop
  endfacet
  facet normal -1 0 0
    outer loop
      vertex 84.8 102.1 7.4
      vertex 84.8 104.35 10.39
      vertex 84.8 102.231 7.39144
    endloop
  endfacet
  facet normal -1 0 0
    outer loop
      vertex 84.8 99.85 10.39
      vertex 84.8 102.1 7.4
      vertex 84.8 101.969 7.39144
    endloop
  endfacet
  facet normal -1 0 0
    outer loop
      vertex 84.8 99.85 10.39
      vertex 84.8 101.969 7.39144
      vertex 84.8 101.841 7.36593
    endloop
  endfacet
  facet normal -1 0 0
    outer loop
      vertex 84.8 99.85 10.39
      vertex 84.8 101.841 7.36593
      vertex 84.8 101.717 7.32388
    endloop
  endfacet
  facet normal -1 0 0
    outer loop
      vertex 84.8 99.85 10.39
      vertex 84.8 101.717 7.32388
      vertex 84.8 101.6 7.26602
    endloop
  endfacet
  facet normal -1 0 0
    outer loop
      vertex 84.8 99.85 10.39
      vertex 84.8 101.6 7.26602
      vertex 84.8 101.491 7.19335
    endloop
  endfacet
  facet normal -1 0 0
    outer loop
      vertex 84.8 99.85 10.39
      vertex 84.8 101.491 7.19335
      vertex 84.8 101.393 7.10711
    endloop
  endfacet
  facet normal -1 0 0
    outer loop
      vertex 84.8 99.85 10.39
      vertex 84.8 101.1 6.4
      vertex 84.8 99.85 2.4
    endloop
  endfacet
  facet normal -1 0 0
    outer loop
      vertex 84.8 101.1 6.4
      vertex 84.8 99.85 10.39
      vertex 84.8 101.109 6.53053
    endloop
  endfacet
  facet normal -1 0 0
    outer loop
      vertex 84.8 102.1 7.4
      vertex 84.8 99.85 10.39
      vertex 84.8 104.35 10.39
    endloop
  endfacet
  facet normal -1 0 0
    outer loop
      vertex 84.8 101.307 7.00876
      vertex 84.8 99.85 10.39
      vertex 84.8 101.393 7.10711
    endloop
  endfacet
  facet normal -1 0 0
    outer loop
      vertex 84.8 101.234 6.9
      vertex 84.8 99.85 10.39
      vertex 84.8 101.307 7.00876
    endloop
  endfacet
  facet normal -1 0 0
    outer loop
      vertex 84.8 101.176 6.78268
      vertex 84.8 99.85 10.39
      vertex 84.8 101.234 6.9
    endloop
  endfacet
  facet normal -1 0 0
    outer loop
      vertex 84.8 101.134 6.65882
      vertex 84.8 99.85 10.39
      vertex 84.8 101.176 6.78268
    endloop
  endfacet
  facet normal -1 0 0
    outer loop
      vertex 84.8 101.109 6.53053
      vertex 84.8 99.85 10.39
      vertex 84.8 101.134 6.65882
    endloop
  endfacet
  facet normal 0 1 -0
    outer loop
      vertex 88 104.35 2.4
      vertex 84.8 104.35 10.39
      vertex 88 104.35 10.39
    endloop
  endfacet
  facet normal 0 1 0
    outer loop
      vertex 84.8 104.35 10.39
      vertex 88 104.35 2.4
      vertex 84.8 104.35 2.4
    endloop
  endfacet
  facet normal 0 -1 0
    outer loop
      vertex 84.8 99.85 2.4
      vertex 88 99.85 10.39
      vertex 84.8 99.85 10.39
    endloop
  endfacet
  facet normal 0 -1 -0
    outer loop
      vertex 88 99.85 10.39
      vertex 84.8 99.85 2.4
      vertex 88 99.85 2.4
    endloop
  endfacet
  facet normal 1 0 0
    outer loop
      vertex 4.7 11.9 10.39
      vertex 4.7 10.65 6.4
      vertex 4.7 11.9 2.4
    endloop
  endfacet
  facet normal 1 0 0
    outer loop
      vertex 4.7 11.9 10.39
      vertex 4.7 10.6414 6.53053
      vertex 4.7 10.65 6.4
    endloop
  endfacet
  facet normal 1 0 0
    outer loop
      vertex 4.7 11.9 10.39
      vertex 4.7 10.6159 6.65882
      vertex 4.7 10.6414 6.53053
    endloop
  endfacet
  facet normal 1 0 0
    outer loop
      vertex 4.7 11.9 10.39
      vertex 4.7 10.5739 6.78268
      vertex 4.7 10.6159 6.65882
    endloop
  endfacet
  facet normal 1 0 0
    outer loop
      vertex 4.7 11.9 10.39
      vertex 4.7 10.516 6.9
      vertex 4.7 10.5739 6.78268
    endloop
  endfacet
  facet normal 1 0 0
    outer loop
      vertex 4.7 11.9 10.39
      vertex 4.7 10.4434 7.00876
      vertex 4.7 10.516 6.9
    endloop
  endfacet
  facet normal 1 0 0
    outer loop
      vertex 4.7 11.9 10.39
      vertex 4.7 10.3571 7.10711
      vertex 4.7 10.4434 7.00876
    endloop
  endfacet
  facet normal 1 0 0
    outer loop
      vertex 4.7 11.9 10.39
      vertex 4.7 10.2588 7.19335
      vertex 4.7 10.3571 7.10711
    endloop
  endfacet
  facet normal 1 0 0
    outer loop
      vertex 4.7 11.9 10.39
      vertex 4.7 10.15 7.26602
      vertex 4.7 10.2588 7.19335
    endloop
  endfacet
  facet normal 1 0 0
    outer loop
      vertex 4.7 11.9 10.39
      vertex 4.7 10.0327 7.32388
      vertex 4.7 10.15 7.26602
    endloop
  endfacet
  facet normal 1 0 0
    outer loop
      vertex 4.7 11.9 10.39
      vertex 4.7 9.90882 7.36593
      vertex 4.7 10.0327 7.32388
    endloop
  endfacet
  facet normal 1 0 0
    outer loop
      vertex 4.7 11.9 10.39
      vertex 4.7 9.78053 7.39144
      vertex 4.7 9.90882 7.36593
    endloop
  endfacet
  facet normal 1 0 0
    outer loop
      vertex 4.7 11.9 10.39
      vertex 4.7 9.65 7.4
      vertex 4.7 9.78053 7.39144
    endloop
  endfacet
  facet normal 1 -0 0
    outer loop
      vertex 4.7 7.4 10.39
      vertex 4.7 9.65 7.4
      vertex 4.7 11.9 10.39
    endloop
  endfacet
  facet normal 1 0 0
    outer loop
      vertex 4.7 9.65 7.4
      vertex 4.7 7.4 10.39
      vertex 4.7 9.51947 7.39144
    endloop
  endfacet
  facet normal 1 0 0
    outer loop
      vertex 4.7 9.51947 7.39144
      vertex 4.7 7.4 10.39
      vertex 4.7 9.39118 7.36593
    endloop
  endfacet
  facet normal 1 0 0
    outer loop
      vertex 4.7 9.39118 7.36593
      vertex 4.7 7.4 10.39
      vertex 4.7 9.26732 7.32388
    endloop
  endfacet
  facet normal 1 0 0
    outer loop
      vertex 4.7 9.26732 7.32388
      vertex 4.7 7.4 10.39
      vertex 4.7 9.15 7.26602
    endloop
  endfacet
  facet normal 1 0 0
    outer loop
      vertex 4.7 9.15 7.26602
      vertex 4.7 7.4 10.39
      vertex 4.7 9.04124 7.19335
    endloop
  endfacet
  facet normal 1 0 0
    outer loop
      vertex 4.7 8.65856 6.53053
      vertex 4.7 7.4 10.39
      vertex 4.7 8.65 6.4
    endloop
  endfacet
  facet normal 1 0 0
    outer loop
      vertex 4.7 8.68407 6.65882
      vertex 4.7 7.4 10.39
      vertex 4.7 8.65856 6.53053
    endloop
  endfacet
  facet normal 1 0 0
    outer loop
      vertex 4.7 8.72612 6.78268
      vertex 4.7 7.4 10.39
      vertex 4.7 8.68407 6.65882
    endloop
  endfacet
  facet normal 1 0 0
    outer loop
      vertex 4.7 8.78397 6.9
      vertex 4.7 7.4 10.39
      vertex 4.7 8.72612 6.78268
    endloop
  endfacet
  facet normal 1 0 0
    outer loop
      vertex 4.7 8.85665 7.00876
      vertex 4.7 7.4 10.39
      vertex 4.7 8.78397 6.9
    endloop
  endfacet
  facet normal 1 0 0
    outer loop
      vertex 4.7 8.94289 7.10711
      vertex 4.7 7.4 10.39
      vertex 4.7 8.85665 7.00876
    endloop
  endfacet
  facet normal 1 0 0
    outer loop
      vertex 4.7 9.04124 7.19335
      vertex 4.7 7.4 10.39
      vertex 4.7 8.94289 7.10711
    endloop
  endfacet
  facet normal 1 -0 0
    outer loop
      vertex 4.7 10.6414 6.26947
      vertex 4.7 11.9 2.4
      vertex 4.7 10.65 6.4
    endloop
  endfacet
  facet normal 1 -0 0
    outer loop
      vertex 4.7 10.6159 6.14118
      vertex 4.7 11.9 2.4
      vertex 4.7 10.6414 6.26947
    endloop
  endfacet
  facet normal 1 -0 0
    outer loop
      vertex 4.7 10.5739 6.01732
      vertex 4.7 11.9 2.4
      vertex 4.7 10.6159 6.14118
    endloop
  endfacet
  facet normal 1 -0 0
    outer loop
      vertex 4.7 10.516 5.9
      vertex 4.7 11.9 2.4
      vertex 4.7 10.5739 6.01732
    endloop
  endfacet
  facet normal 1 -0 0
    outer loop
      vertex 4.7 10.4434 5.79124
      vertex 4.7 11.9 2.4
      vertex 4.7 10.516 5.9
    endloop
  endfacet
  facet normal 1 -0 0
    outer loop
      vertex 4.7 10.3571 5.69289
      vertex 4.7 11.9 2.4
      vertex 4.7 10.4434 5.79124
    endloop
  endfacet
  facet normal 1 -0 0
    outer loop
      vertex 4.7 10.2588 5.60665
      vertex 4.7 11.9 2.4
      vertex 4.7 10.3571 5.69289
    endloop
  endfacet
  facet normal 1 -0 0
    outer loop
      vertex 4.7 10.15 5.53397
      vertex 4.7 11.9 2.4
      vertex 4.7 10.2588 5.60665
    endloop
  endfacet
  facet normal 1 -0 0
    outer loop
      vertex 4.7 10.0327 5.47612
      vertex 4.7 11.9 2.4
      vertex 4.7 10.15 5.53397
    endloop
  endfacet
  facet normal 1 -0 0
    outer loop
      vertex 4.7 9.90882 5.43407
      vertex 4.7 11.9 2.4
      vertex 4.7 10.0327 5.47612
    endloop
  endfacet
  facet normal 1 -0 0
    outer loop
      vertex 4.7 9.78053 5.40856
      vertex 4.7 11.9 2.4
      vertex 4.7 9.90882 5.43407
    endloop
  endfacet
  facet normal 1 -0 0
    outer loop
      vertex 4.7 9.65 5.4
      vertex 4.7 11.9 2.4
      vertex 4.7 9.78053 5.40856
    endloop
  endfacet
  facet normal 1 0 0
    outer loop
      vertex 4.7 7.4 2.4
      vertex 4.7 9.65 5.4
      vertex 4.7 9.51947 5.40856
    endloop
  endfacet
  facet normal 1 0 0
    outer loop
      vertex 4.7 7.4 2.4
      vertex 4.7 9.51947 5.40856
      vertex 4.7 9.39118 5.43407
    endloop
  endfacet
  facet normal 1 0 0
    outer loop
      vertex 4.7 7.4 2.4
      vertex 4.7 9.39118 5.43407
      vertex 4.7 9.26732 5.47612
    endloop
  endfacet
  facet normal 1 0 0
    outer loop
      vertex 4.7 7.4 2.4
      vertex 4.7 9.26732 5.47612
      vertex 4.7 9.15 5.53397
    endloop
  endfacet
  facet normal 1 0 0
    outer loop
      vertex 4.7 7.4 2.4
      vertex 4.7 9.15 5.53397
      vertex 4.7 9.04124 5.60665
    endloop
  endfacet
  facet normal 1 0 0
    outer loop
      vertex 4.7 7.4 2.4
      vertex 4.7 9.04124 5.60665
      vertex 4.7 8.94289 5.69289
    endloop
  endfacet
  facet normal 1 0 0
    outer loop
      vertex 4.7 7.4 2.4
      vertex 4.7 8.65 6.4
      vertex 4.7 7.4 10.39
    endloop
  endfacet
  facet normal 1 0 0
    outer loop
      vertex 4.7 8.65 6.4
      vertex 4.7 7.4 2.4
      vertex 4.7 8.65856 6.26947
    endloop
  endfacet
  facet normal 1 0 0
    outer loop
      vertex 4.7 9.65 5.4
      vertex 4.7 7.4 2.4
      vertex 4.7 11.9 2.4
    endloop
  endfacet
  facet normal 1 0 0
    outer loop
      vertex 4.7 8.85665 5.79124
      vertex 4.7 7.4 2.4
      vertex 4.7 8.94289 5.69289
    endloop
  endfacet
  facet normal 1 0 0
    outer loop
      vertex 4.7 8.78397 5.9
      vertex 4.7 7.4 2.4
      vertex 4.7 8.85665 5.79124
    endloop
  endfacet
  facet normal 1 0 0
    outer loop
      vertex 4.7 8.72612 6.01732
      vertex 4.7 7.4 2.4
      vertex 4.7 8.78397 5.9
    endloop
  endfacet
  facet normal 1 0 0
    outer loop
      vertex 4.7 8.68407 6.14118
      vertex 4.7 7.4 2.4
      vertex 4.7 8.72612 6.01732
    endloop
  endfacet
  facet normal 1 0 0
    outer loop
      vertex 4.7 8.65856 6.26947
      vertex 4.7 7.4 2.4
      vertex 4.7 8.68407 6.14118
    endloop
  endfacet
  facet normal -0 0 1
    outer loop
      vertex 1.5 11.9 10.39
      vertex 4.7 7.4 10.39
      vertex 4.7 11.9 10.39
    endloop
  endfacet
  facet normal 0 0 1
    outer loop
      vertex 4.7 7.4 10.39
      vertex 1.5 11.9 10.39
      vertex 1.5 7.4 10.39
    endloop
  endfacet
  facet normal -1 0 0
    outer loop
      vertex 1.5 11.9 2.4
      vertex 1.5 10.65 6.4
      vertex 1.5 11.9 10.39
    endloop
  endfacet
  facet normal -1 0 0
    outer loop
      vertex 1.5 11.9 2.4
      vertex 1.5 10.6414 6.26947
      vertex 1.5 10.65 6.4
    endloop
  endfacet
  facet normal -1 0 0
    outer loop
      vertex 1.5 11.9 2.4
      vertex 1.5 10.6159 6.14118
      vertex 1.5 10.6414 6.26947
    endloop
  endfacet
  facet normal -1 0 0
    outer loop
      vertex 1.5 11.9 2.4
      vertex 1.5 10.5739 6.01732
      vertex 1.5 10.6159 6.14118
    endloop
  endfacet
  facet normal -1 0 0
    outer loop
      vertex 1.5 11.9 2.4
      vertex 1.5 10.516 5.9
      vertex 1.5 10.5739 6.01732
    endloop
  endfacet
  facet normal -1 0 0
    outer loop
      vertex 1.5 11.9 2.4
      vertex 1.5 10.4434 5.79124
      vertex 1.5 10.516 5.9
    endloop
  endfacet
  facet normal -1 0 0
    outer loop
      vertex 1.5 11.9 2.4
      vertex 1.5 10.3571 5.69289
      vertex 1.5 10.4434 5.79124
    endloop
  endfacet
  facet normal -1 0 0
    outer loop
      vertex 1.5 11.9 2.4
      vertex 1.5 10.2588 5.60665
      vertex 1.5 10.3571 5.69289
    endloop
  endfacet
  facet normal -1 0 0
    outer loop
      vertex 1.5 11.9 2.4
      vertex 1.5 10.15 5.53397
      vertex 1.5 10.2588 5.60665
    endloop
  endfacet
  facet normal -1 0 0
    outer loop
      vertex 1.5 11.9 2.4
      vertex 1.5 10.0327 5.47612
      vertex 1.5 10.15 5.53397
    endloop
  endfacet
  facet normal -1 0 0
    outer loop
      vertex 1.5 11.9 2.4
      vertex 1.5 9.90882 5.43407
      vertex 1.5 10.0327 5.47612
    endloop
  endfacet
  facet normal -1 0 0
    outer loop
      vertex 1.5 11.9 2.4
      vertex 1.5 9.78053 5.40856
      vertex 1.5 9.90882 5.43407
    endloop
  endfacet
  facet normal -1 0 0
    outer loop
      vertex 1.5 11.9 2.4
      vertex 1.5 9.65 5.4
      vertex 1.5 9.78053 5.40856
    endloop
  endfacet
  facet normal -1 0 0
    outer loop
      vertex 1.5 7.4 2.4
      vertex 1.5 9.65 5.4
      vertex 1.5 11.9 2.4
    endloop
  endfacet
  facet normal -1 -0 0
    outer loop
      vertex 1.5 9.65 5.4
      vertex 1.5 7.4 2.4
      vertex 1.5 9.51947 5.40856
    endloop
  endfacet
  facet normal -1 -0 0
    outer loop
      vertex 1.5 9.51947 5.40856
      vertex 1.5 7.4 2.4
      vertex 1.5 9.39118 5.43407
    endloop
  endfacet
  facet normal -1 -0 0
    outer loop
      vertex 1.5 9.39118 5.43407
      vertex 1.5 7.4 2.4
      vertex 1.5 9.26732 5.47612
    endloop
  endfacet
  facet normal -1 -0 0
    outer loop
      vertex 1.5 9.26732 5.47612
      vertex 1.5 7.4 2.4
      vertex 1.5 9.15 5.53397
    endloop
  endfacet
  facet normal -1 -0 0
    outer loop
      vertex 1.5 9.15 5.53397
      vertex 1.5 7.4 2.4
      vertex 1.5 9.04124 5.60665
    endloop
  endfacet
  facet normal -1 -0 0
    outer loop
      vertex 1.5 8.65856 6.26947
      vertex 1.5 7.4 2.4
      vertex 1.5 8.65 6.4
    endloop
  endfacet
  facet normal -1 -0 0
    outer loop
      vertex 1.5 8.68407 6.14118
      vertex 1.5 7.4 2.4
      vertex 1.5 8.65856 6.26947
    endloop
  endfacet
  facet normal -1 -0 0
    outer loop
      vertex 1.5 8.72612 6.01732
      vertex 1.5 7.4 2.4
      vertex 1.5 8.68407 6.14118
    endloop
  endfacet
  facet normal -1 -0 0
    outer loop
      vertex 1.5 8.78397 5.9
      vertex 1.5 7.4 2.4
      vertex 1.5 8.72612 6.01732
    endloop
  endfacet
  facet normal -1 -0 0
    outer loop
      vertex 1.5 8.85665 5.79124
      vertex 1.5 7.4 2.4
      vertex 1.5 8.78397 5.9
    endloop
  endfacet
  facet normal -1 -0 0
    outer loop
      vertex 1.5 8.94289 5.69289
      vertex 1.5 7.4 2.4
      vertex 1.5 8.85665 5.79124
    endloop
  endfacet
  facet normal -1 -0 0
    outer loop
      vertex 1.5 9.04124 5.60665
      vertex 1.5 7.4 2.4
      vertex 1.5 8.94289 5.69289
    endloop
  endfacet
  facet normal -1 0 0
    outer loop
      vertex 1.5 10.6414 6.53053
      vertex 1.5 11.9 10.39
      vertex 1.5 10.65 6.4
    endloop
  endfacet
  facet normal -1 0 0
    outer loop
      vertex 1.5 10.6159 6.65882
      vertex 1.5 11.9 10.39
      vertex 1.5 10.6414 6.53053
    endloop
  endfacet
  facet normal -1 0 0
    outer loop
      vertex 1.5 10.5739 6.78268
      vertex 1.5 11.9 10.39
      vertex 1.5 10.6159 6.65882
    endloop
  endfacet
  facet normal -1 0 0
    outer loop
      vertex 1.5 10.516 6.9
      vertex 1.5 11.9 10.39
      vertex 1.5 10.5739 6.78268
    endloop
  endfacet
  facet normal -1 0 0
    outer loop
      vertex 1.5 10.4434 7.00876
      vertex 1.5 11.9 10.39
      vertex 1.5 10.516 6.9
    endloop
  endfacet
  facet normal -1 0 0
    outer loop
      vertex 1.5 10.3571 7.10711
      vertex 1.5 11.9 10.39
      vertex 1.5 10.4434 7.00876
    endloop
  endfacet
  facet normal -1 0 0
    outer loop
      vertex 1.5 10.2588 7.19335
      vertex 1.5 11.9 10.39
      vertex 1.5 10.3571 7.10711
    endloop
  endfacet
  facet normal -1 0 0
    outer loop
      vertex 1.5 10.15 7.26602
      vertex 1.5 11.9 10.39
      vertex 1.5 10.2588 7.19335
    endloop
  endfacet
  facet normal -1 0 0
    outer loop
      vertex 1.5 10.0327 7.32388
      vertex 1.5 11.9 10.39
      vertex 1.5 10.15 7.26602
    endloop
  endfacet
  facet normal -1 0 0
    outer loop
      vertex 1.5 9.90882 7.36593
      vertex 1.5 11.9 10.39
      vertex 1.5 10.0327 7.32388
    endloop
  endfacet
  facet normal -1 0 0
    outer loop
      vertex 1.5 9.78053 7.39144
      vertex 1.5 11.9 10.39
      vertex 1.5 9.90882 7.36593
    endloop
  endfacet
  facet normal -1 0 0
    outer loop
      vertex 1.5 9.65 7.4
      vertex 1.5 11.9 10.39
      vertex 1.5 9.78053 7.39144
    endloop
  endfacet
  facet normal -1 0 0
    outer loop
      vertex 1.5 7.4 10.39
      vertex 1.5 9.65 7.4
      vertex 1.5 9.51947 7.39144
    endloop
  endfacet
  facet normal -1 0 0
    outer loop
      vertex 1.5 7.4 10.39
      vertex 1.5 9.51947 7.39144
      vertex 1.5 9.39118 7.36593
    endloop
  endfacet
  facet normal -1 0 0
    outer loop
      vertex 1.5 7.4 10.39
      vertex 1.5 9.39118 7.36593
      vertex 1.5 9.26732 7.32388
    endloop
  endfacet
  facet normal -1 0 0
    outer loop
      vertex 1.5 7.4 10.39
      vertex 1.5 9.26732 7.32388
      vertex 1.5 9.15 7.26602
    endloop
  endfacet
  facet normal -1 0 0
    outer loop
      vertex 1.5 7.4 10.39
      vertex 1.5 9.15 7.26602
      vertex 1.5 9.04124 7.19335
    endloop
  endfacet
  facet normal -1 0 0
    outer loop
      vertex 1.5 7.4 10.39
      vertex 1.5 9.04124 7.19335
      vertex 1.5 8.94289 7.10711
    endloop
  endfacet
  facet normal -1 0 0
    outer loop
      vertex 1.5 7.4 10.39
      vertex 1.5 8.65 6.4
      vertex 1.5 7.4 2.4
    endloop
  endfacet
  facet normal -1 0 0
    outer loop
      vertex 1.5 8.65 6.4
      vertex 1.5 7.4 10.39
      vertex 1.5 8.65856 6.53053
    endloop
  endfacet
  facet normal -1 0 0
    outer loop
      vertex 1.5 9.65 7.4
      vertex 1.5 7.4 10.39
      vertex 1.5 11.9 10.39
    endloop
  endfacet
  facet normal -1 0 0
    outer loop
      vertex 1.5 8.85665 7.00876
      vertex 1.5 7.4 10.39
      vertex 1.5 8.94289 7.10711
    endloop
  endfacet
  facet normal -1 0 0
    outer loop
      vertex 1.5 8.78397 6.9
      vertex 1.5 7.4 10.39
      vertex 1.5 8.85665 7.00876
    endloop
  endfacet
  facet normal -1 0 0
    outer loop
      vertex 1.5 8.72612 6.78268
      vertex 1.5 7.4 10.39
      vertex 1.5 8.78397 6.9
    endloop
  endfacet
  facet normal -1 0 0
    outer loop
      vertex 1.5 8.68407 6.65882
      vertex 1.5 7.4 10.39
      vertex 1.5 8.72612 6.78268
    endloop
  endfacet
  facet normal -1 0 0
    outer loop
      vertex 1.5 8.65856 6.53053
      vertex 1.5 7.4 10.39
      vertex 1.5 8.68407 6.65882
    endloop
  endfacet
  facet normal 0 1 -0
    outer loop
      vertex 4.7 11.9 2.4
      vertex 1.5 11.9 10.39
      vertex 4.7 11.9 10.39
    endloop
  endfacet
  facet normal 0 1 0
    outer loop
      vertex 1.5 11.9 10.39
      vertex 4.7 11.9 2.4
      vertex 1.5 11.9 2.4
    endloop
  endfacet
  facet normal 0 -1 0
    outer loop
      vertex 1.5 7.4 2.4
      vertex 4.7 7.4 10.39
      vertex 1.5 7.4 10.39
    endloop
  endfacet
  facet normal 0 -1 -0
    outer loop
      vertex 4.7 7.4 10.39
      vertex 1.5 7.4 2.4
      vertex 4.7 7.4 2.4
    endloop
  endfacet
  facet normal 1 0 0
    outer loop
      vertex 88 11.9 10.39
      vertex 88 10.65 6.4
      vertex 88 11.9 2.4
    endloop
  endfacet
  facet normal 1 0 0
    outer loop
      vertex 88 11.9 10.39
      vertex 88 10.6414 6.53053
      vertex 88 10.65 6.4
    endloop
  endfacet
  facet normal 1 0 0
    outer loop
      vertex 88 11.9 10.39
      vertex 88 10.6159 6.65882
      vertex 88 10.6414 6.53053
    endloop
  endfacet
  facet normal 1 0 0
    outer loop
      vertex 88 11.9 10.39
      vertex 88 10.5739 6.78268
      vertex 88 10.6159 6.65882
    endloop
  endfacet
  facet normal 1 0 0
    outer loop
      vertex 88 11.9 10.39
      vertex 88 10.516 6.9
      vertex 88 10.5739 6.78268
    endloop
  endfacet
  facet normal 1 0 0
    outer loop
      vertex 88 11.9 10.39
      vertex 88 10.4434 7.00876
      vertex 88 10.516 6.9
    endloop
  endfacet
  facet normal 1 0 0
    outer loop
      vertex 88 11.9 10.39
      vertex 88 10.3571 7.10711
      vertex 88 10.4434 7.00876
    endloop
  endfacet
  facet normal 1 0 0
    outer loop
      vertex 88 11.9 10.39
      vertex 88 10.2588 7.19335
      vertex 88 10.3571 7.10711
    endloop
  endfacet
  facet normal 1 0 0
    outer loop
      vertex 88 11.9 10.39
      vertex 88 10.15 7.26602
      vertex 88 10.2588 7.19335
    endloop
  endfacet
  facet normal 1 0 0
    outer loop
      vertex 88 11.9 10.39
      vertex 88 10.0327 7.32388
      vertex 88 10.15 7.26602
    endloop
  endfacet
  facet normal 1 0 0
    outer loop
      vertex 88 11.9 10.39
      vertex 88 9.90882 7.36593
      vertex 88 10.0327 7.32388
    endloop
  endfacet
  facet normal 1 0 0
    outer loop
      vertex 88 11.9 10.39
      vertex 88 9.78053 7.39144
      vertex 88 9.90882 7.36593
    endloop
  endfacet
  facet normal 1 0 0
    outer loop
      vertex 88 11.9 10.39
      vertex 88 9.65 7.4
      vertex 88 9.78053 7.39144
    endloop
  endfacet
  facet normal 1 -0 0
    outer loop
      vertex 88 7.4 10.39
      vertex 88 9.65 7.4
      vertex 88 11.9 10.39
    endloop
  endfacet
  facet normal 1 0 0
    outer loop
      vertex 88 9.65 7.4
      vertex 88 7.4 10.39
      vertex 88 9.51947 7.39144
    endloop
  endfacet
  facet normal 1 0 0
    outer loop
      vertex 88 9.51947 7.39144
      vertex 88 7.4 10.39
      vertex 88 9.39118 7.36593
    endloop
  endfacet
  facet normal 1 0 0
    outer loop
      vertex 88 9.39118 7.36593
      vertex 88 7.4 10.39
      vertex 88 9.26732 7.32388
    endloop
  endfacet
  facet normal 1 0 0
    outer loop
      vertex 88 9.26732 7.32388
      vertex 88 7.4 10.39
      vertex 88 9.15 7.26602
    endloop
  endfacet
  facet normal 1 0 0
    outer loop
      vertex 88 9.15 7.26602
      vertex 88 7.4 10.39
      vertex 88 9.04124 7.19335
    endloop
  endfacet
  facet normal 1 0 0
    outer loop
      vertex 88 8.65856 6.53053
      vertex 88 7.4 10.39
      vertex 88 8.65 6.4
    endloop
  endfacet
  facet normal 1 0 0
    outer loop
      vertex 88 8.68407 6.65882
      vertex 88 7.4 10.39
      vertex 88 8.65856 6.53053
    endloop
  endfacet
  facet normal 1 0 0
    outer loop
      vertex 88 8.72612 6.78268
      vertex 88 7.4 10.39
      vertex 88 8.68407 6.65882
    endloop
  endfacet
  facet normal 1 0 0
    outer loop
      vertex 88 8.78397 6.9
      vertex 88 7.4 10.39
      vertex 88 8.72612 6.78268
    endloop
  endfacet
  facet normal 1 0 0
    outer loop
      vertex 88 8.85665 7.00876
      vertex 88 7.4 10.39
      vertex 88 8.78397 6.9
    endloop
  endfacet
  facet normal 1 0 0
    outer loop
      vertex 88 8.94289 7.10711
      vertex 88 7.4 10.39
      vertex 88 8.85665 7.00876
    endloop
  endfacet
  facet normal 1 0 0
    outer loop
      vertex 88 9.04124 7.19335
      vertex 88 7.4 10.39
      vertex 88 8.94289 7.10711
    endloop
  endfacet
  facet normal 1 -0 0
    outer loop
      vertex 88 10.6414 6.26947
      vertex 88 11.9 2.4
      vertex 88 10.65 6.4
    endloop
  endfacet
  facet normal 1 -0 0
    outer loop
      vertex 88 10.6159 6.14118
      vertex 88 11.9 2.4
      vertex 88 10.6414 6.26947
    endloop
  endfacet
  facet normal 1 -0 0
    outer loop
      vertex 88 10.5739 6.01732
      vertex 88 11.9 2.4
      vertex 88 10.6159 6.14118
    endloop
  endfacet
  facet normal 1 -0 0
    outer loop
      vertex 88 10.516 5.9
      vertex 88 11.9 2.4
      vertex 88 10.5739 6.01732
    endloop
  endfacet
  facet normal 1 -0 0
    outer loop
      vertex 88 10.4434 5.79124
      vertex 88 11.9 2.4
      vertex 88 10.516 5.9
    endloop
  endfacet
  facet normal 1 -0 0
    outer loop
      vertex 88 10.3571 5.69289
      vertex 88 11.9 2.4
      vertex 88 10.4434 5.79124
    endloop
  endfacet
  facet normal 1 -0 0
    outer loop
      vertex 88 10.2588 5.60665
      vertex 88 11.9 2.4
      vertex 88 10.3571 5.69289
    endloop
  endfacet
  facet normal 1 -0 0
    outer loop
      vertex 88 10.15 5.53397
      vertex 88 11.9 2.4
      vertex 88 10.2588 5.60665
    endloop
  endfacet
  facet normal 1 -0 0
    outer loop
      vertex 88 10.0327 5.47612
      vertex 88 11.9 2.4
      vertex 88 10.15 5.53397
    endloop
  endfacet
  facet normal 1 -0 0
    outer loop
      vertex 88 9.90882 5.43407
      vertex 88 11.9 2.4
      vertex 88 10.0327 5.47612
    endloop
  endfacet
  facet normal 1 -0 0
    outer loop
      vertex 88 9.78053 5.40856
      vertex 88 11.9 2.4
      vertex 88 9.90882 5.43407
    endloop
  endfacet
  facet normal 1 -0 0
    outer loop
      vertex 88 9.65 5.4
      vertex 88 11.9 2.4
      vertex 88 9.78053 5.40856
    endloop
  endfacet
  facet normal 1 0 0
    outer loop
      vertex 88 7.4 2.4
      vertex 88 9.65 5.4
      vertex 88 9.51947 5.40856
    endloop
  endfacet
  facet normal 1 0 0
    outer loop
      vertex 88 7.4 2.4
      vertex 88 9.51947 5.40856
      vertex 88 9.39118 5.43407
    endloop
  endfacet
  facet normal 1 0 0
    outer loop
      vertex 88 7.4 2.4
      vertex 88 9.39118 5.43407
      vertex 88 9.26732 5.47612
    endloop
  endfacet
  facet normal 1 0 0
    outer loop
      vertex 88 7.4 2.4
      vertex 88 9.26732 5.47612
      vertex 88 9.15 5.53397
    endloop
  endfacet
  facet normal 1 0 0
    outer loop
      vertex 88 7.4 2.4
      vertex 88 9.15 5.53397
      vertex 88 9.04124 5.60665
    endloop
  endfacet
  facet normal 1 0 0
    outer loop
      vertex 88 7.4 2.4
      vertex 88 9.04124 5.60665
      vertex 88 8.94289 5.69289
    endloop
  endfacet
  facet normal 1 0 0
    outer loop
      vertex 88 7.4 2.4
      vertex 88 8.65 6.4
      vertex 88 7.4 10.39
    endloop
  endfacet
  facet normal 1 0 0
    outer loop
      vertex 88 8.65 6.4
      vertex 88 7.4 2.4
      vertex 88 8.65856 6.26947
    endloop
  endfacet
  facet normal 1 0 0
    outer loop
      vertex 88 9.65 5.4
      vertex 88 7.4 2.4
      vertex 88 11.9 2.4
    endloop
  endfacet
  facet normal 1 0 0
    outer loop
      vertex 88 8.85665 5.79124
      vertex 88 7.4 2.4
      vertex 88 8.94289 5.69289
    endloop
  endfacet
  facet normal 1 0 0
    outer loop
      vertex 88 8.78397 5.9
      vertex 88 7.4 2.4
      vertex 88 8.85665 5.79124
    endloop
  endfacet
  facet normal 1 0 0
    outer loop
      vertex 88 8.72612 6.01732
      vertex 88 7.4 2.4
      vertex 88 8.78397 5.9
    endloop
  endfacet
  facet normal 1 0 0
    outer loop
      vertex 88 8.68407 6.14118
      vertex 88 7.4 2.4
      vertex 88 8.72612 6.01732
    endloop
  endfacet
  facet normal 1 0 0
    outer loop
      vertex 88 8.65856 6.26947
      vertex 88 7.4 2.4
      vertex 88 8.68407 6.14118
    endloop
  endfacet
  facet normal -0 0 1
    outer loop
      vertex 84.8 11.9 10.39
      vertex 88 7.4 10.39
      vertex 88 11.9 10.39
    endloop
  endfacet
  facet normal 0 0 1
    outer loop
      vertex 88 7.4 10.39
      vertex 84.8 11.9 10.39
      vertex 84.8 7.4 10.39
    endloop
  endfacet
  facet normal -1 0 0
    outer loop
      vertex 84.8 11.9 2.4
      vertex 84.8 10.65 6.4
      vertex 84.8 11.9 10.39
    endloop
  endfacet
  facet normal -1 0 0
    outer loop
      vertex 84.8 11.9 2.4
      vertex 84.8 10.6414 6.26947
      vertex 84.8 10.65 6.4
    endloop
  endfacet
  facet normal -1 0 0
    outer loop
      vertex 84.8 11.9 2.4
      vertex 84.8 10.6159 6.14118
      vertex 84.8 10.6414 6.26947
    endloop
  endfacet
  facet normal -1 0 0
    outer loop
      vertex 84.8 11.9 2.4
      vertex 84.8 10.5739 6.01732
      vertex 84.8 10.6159 6.14118
    endloop
  endfacet
  facet normal -1 0 0
    outer loop
      vertex 84.8 11.9 2.4
      vertex 84.8 10.516 5.9
      vertex 84.8 10.5739 6.01732
    endloop
  endfacet
  facet normal -1 0 0
    outer loop
      vertex 84.8 11.9 2.4
      vertex 84.8 10.4434 5.79124
      vertex 84.8 10.516 5.9
    endloop
  endfacet
  facet normal -1 0 0
    outer loop
      vertex 84.8 11.9 2.4
      vertex 84.8 10.3571 5.69289
      vertex 84.8 10.4434 5.79124
    endloop
  endfacet
  facet normal -1 0 0
    outer loop
      vertex 84.8 11.9 2.4
      vertex 84.8 10.2588 5.60665
      vertex 84.8 10.3571 5.69289
    endloop
  endfacet
  facet normal -1 0 0
    outer loop
      vertex 84.8 11.9 2.4
      vertex 84.8 10.15 5.53397
      vertex 84.8 10.2588 5.60665
    endloop
  endfacet
  facet normal -1 0 0
    outer loop
      vertex 84.8 11.9 2.4
      vertex 84.8 10.0327 5.47612
      vertex 84.8 10.15 5.53397
    endloop
  endfacet
  facet normal -1 0 0
    outer loop
      vertex 84.8 11.9 2.4
      vertex 84.8 9.90882 5.43407
      vertex 84.8 10.0327 5.47612
    endloop
  endfacet
  facet normal -1 0 0
    outer loop
      vertex 84.8 11.9 2.4
      vertex 84.8 9.78053 5.40856
      vertex 84.8 9.90882 5.43407
    endloop
  endfacet
  facet normal -1 0 0
    outer loop
      vertex 84.8 11.9 2.4
      vertex 84.8 9.65 5.4
      vertex 84.8 9.78053 5.40856
    endloop
  endfacet
  facet normal -1 0 0
    outer loop
      vertex 84.8 7.4 2.4
      vertex 84.8 9.65 5.4
      vertex 84.8 11.9 2.4
    endloop
  endfacet
  facet normal -1 -0 0
    outer loop
      vertex 84.8 9.65 5.4
      vertex 84.8 7.4 2.4
      vertex 84.8 9.51947 5.40856
    endloop
  endfacet
  facet normal -1 -0 0
    outer loop
      vertex 84.8 9.51947 5.40856
      vertex 84.8 7.4 2.4
      vertex 84.8 9.39118 5.43407
    endloop
  endfacet
  facet normal -1 -0 0
    outer loop
      vertex 84.8 9.39118 5.43407
      vertex 84.8 7.4 2.4
      vertex 84.8 9.26732 5.47612
    endloop
  endfacet
  facet normal -1 -0 0
    outer loop
      vertex 84.8 9.26732 5.47612
      vertex 84.8 7.4 2.4
      vertex 84.8 9.15 5.53397
    endloop
  endfacet
  facet normal -1 -0 0
    outer loop
      vertex 84.8 9.15 5.53397
      vertex 84.8 7.4 2.4
      vertex 84.8 9.04124 5.60665
    endloop
  endfacet
  facet normal -1 -0 0
    outer loop
      vertex 84.8 8.65856 6.26947
      vertex 84.8 7.4 2.4
      vertex 84.8 8.65 6.4
    endloop
  endfacet
  facet normal -1 -0 0
    outer loop
      vertex 84.8 8.68407 6.14118
      vertex 84.8 7.4 2.4
      vertex 84.8 8.65856 6.26947
    endloop
  endfacet
  facet normal -1 -0 0
    outer loop
      vertex 84.8 8.72612 6.01732
      vertex 84.8 7.4 2.4
      vertex 84.8 8.68407 6.14118
    endloop
  endfacet
  facet normal -1 -0 0
    outer loop
      vertex 84.8 8.78397 5.9
      vertex 84.8 7.4 2.4
      vertex 84.8 8.72612 6.01732
    endloop
  endfacet
  facet normal -1 -0 0
    outer loop
      vertex 84.8 8.85665 5.79124
      vertex 84.8 7.4 2.4
      vertex 84.8 8.78397 5.9
    endloop
  endfacet
  facet normal -1 -0 0
    outer loop
      vertex 84.8 8.94289 5.69289
      vertex 84.8 7.4 2.4
      vertex 84.8 8.85665 5.79124
    endloop
  endfacet
  facet normal -1 -0 0
    outer loop
      vertex 84.8 9.04124 5.60665
      vertex 84.8 7.4 2.4
      vertex 84.8 8.94289 5.69289
    endloop
  endfacet
  facet normal -1 0 0
    outer loop
      vertex 84.8 10.6414 6.53053
      vertex 84.8 11.9 10.39
      vertex 84.8 10.65 6.4
    endloop
  endfacet
  facet normal -1 0 0
    outer loop
      vertex 84.8 10.6159 6.65882
      vertex 84.8 11.9 10.39
      vertex 84.8 10.6414 6.53053
    endloop
  endfacet
  facet normal -1 0 0
    outer loop
      vertex 84.8 10.5739 6.78268
      vertex 84.8 11.9 10.39
      vertex 84.8 10.6159 6.65882
    endloop
  endfacet
  facet normal -1 0 0
    outer loop
      vertex 84.8 10.516 6.9
      vertex 84.8 11.9 10.39
      vertex 84.8 10.5739 6.78268
    endloop
  endfacet
  facet normal -1 0 0
    outer loop
      vertex 84.8 10.4434 7.00876
      vertex 84.8 11.9 10.39
      vertex 84.8 10.516 6.9
    endloop
  endfacet
  facet normal -1 0 0
    outer loop
      vertex 84.8 10.3571 7.10711
      vertex 84.8 11.9 10.39
      vertex 84.8 10.4434 7.00876
    endloop
  endfacet
  facet normal -1 0 0
    outer loop
      vertex 84.8 10.2588 7.19335
      vertex 84.8 11.9 10.39
      vertex 84.8 10.3571 7.10711
    endloop
  endfacet
  facet normal -1 0 0
    outer loop
      vertex 84.8 10.15 7.26602
      vertex 84.8 11.9 10.39
      vertex 84.8 10.2588 7.19335
    endloop
  endfacet
  facet normal -1 0 0
    outer loop
      vertex 84.8 10.0327 7.32388
      vertex 84.8 11.9 10.39
      vertex 84.8 10.15 7.26602
    endloop
  endfacet
  facet normal -1 0 0
    outer loop
      vertex 84.8 9.90882 7.36593
      vertex 84.8 11.9 10.39
      vertex 84.8 10.0327 7.32388
    endloop
  endfacet
  facet normal -1 0 0
    outer loop
      vertex 84.8 9.78053 7.39144
      vertex 84.8 11.9 10.39
      vertex 84.8 9.90882 7.36593
    endloop
  endfacet
  facet normal -1 0 0
    outer loop
      vertex 84.8 9.65 7.4
      vertex 84.8 11.9 10.39
      vertex 84.8 9.78053 7.39144
    endloop
  endfacet
  facet normal -1 0 0
    outer loop
      vertex 84.8 7.4 10.39
      vertex 84.8 9.65 7.4
      vertex 84.8 9.51947 7.39144
    endloop
  endfacet
  facet normal -1 0 0
    outer loop
      vertex 84.8 7.4 10.39
      vertex 84.8 9.51947 7.39144
      vertex 84.8 9.39118 7.36593
    endloop
  endfacet
  facet normal -1 0 0
    outer loop
      vertex 84.8 7.4 10.39
      vertex 84.8 9.39118 7.36593
      vertex 84.8 9.26732 7.32388
    endloop
  endfacet
  facet normal -1 0 0
    outer loop
      vertex 84.8 7.4 10.39
      vertex 84.8 9.26732 7.32388
      vertex 84.8 9.15 7.26602
    endloop
  endfacet
  facet normal -1 0 0
    outer loop
      vertex 84.8 7.4 10.39
      vertex 84.8 9.15 7.26602
      vertex 84.8 9.04124 7.19335
    endloop
  endfacet
  facet normal -1 0 0
    outer loop
      vertex 84.8 7.4 10.39
      vertex 84.8 9.04124 7.19335
      vertex 84.8 8.94289 7.10711
    endloop
  endfacet
  facet normal -1 0 0
    outer loop
      vertex 84.8 7.4 10.39
      vertex 84.8 8.65 6.4
      vertex 84.8 7.4 2.4
    endloop
  endfacet
  facet normal -1 0 0
    outer loop
      vertex 84.8 8.65 6.4
      vertex 84.8 7.4 10.39
      vertex 84.8 8.65856 6.53053
    endloop
  endfacet
  facet normal -1 0 0
    outer loop
      vertex 84.8 9.65 7.4
      vertex 84.8 7.4 10.39
      vertex 84.8 11.9 10.39
    endloop
  endfacet
  facet normal -1 0 0
    outer loop
      vertex 84.8 8.85665 7.00876
      vertex 84.8 7.4 10.39
      vertex 84.8 8.94289 7.10711
    endloop
  endfacet
  facet normal -1 0 0
    outer loop
      vertex 84.8 8.78397 6.9
      vertex 84.8 7.4 10.39
      vertex 84.8 8.85665 7.00876
    endloop
  endfacet
  facet normal -1 0 0
    outer loop
      vertex 84.8 8.72612 6.78268
      vertex 84.8 7.4 10.39
      vertex 84.8 8.78397 6.9
    endloop
  endfacet
  facet normal -1 0 0
    outer loop
      vertex 84.8 8.68407 6.65882
      vertex 84.8 7.4 10.39
      vertex 84.8 8.72612 6.78268
    endloop
  endfacet
  facet normal -1 0 0
    outer loop
      vertex 84.8 8.65856 6.53053
      vertex 84.8 7.4 10.39
      vertex 84.8 8.68407 6.65882
    endloop
  endfacet
  facet normal 0 1 -0
    outer loop
      vertex 88 11.9 2.4
      vertex 84.8 11.9 10.39
      vertex 88 11.9 10.39
    endloop
  endfacet
  facet normal 0 1 0
    outer loop
      vertex 84.8 11.9 10.39
      vertex 88 11.9 2.4
      vertex 84.8 11.9 2.4
    endloop
  endfacet
  facet normal 0 -1 0
    outer loop
      vertex 84.8 7.4 2.4
      vertex 88 7.4 10.39
      vertex 84.8 7.4 10.39
    endloop
  endfacet
  facet normal 0 -1 -0
    outer loop
      vertex 88 7.4 10.39
      vertex 84.8 7.4 2.4
      vertex 88 7.4 2.4
    endloop
  endfacet
  facet normal 0.321194 0.947013 -0
    outer loop
      vertex 87.648 111.872 0
      vertex 87.2765 111.998 2.4
      vertex 87.648 111.872 2.4
    endloop
  endfacet
  facet normal 0.321194 0.947013 0
    outer loop
      vertex 87.2765 111.998 2.4
      vertex 87.648 111.872 0
      vertex 87.2765 111.998 0
    endloop
  endfacet
  facet normal -0.980786 -0.195089 0
    outer loop
      vertex 0.102222 2.22354 0
      vertex 0.0256653 2.60842 2.4
      vertex 0.0256653 2.60842 0
    endloop
  endfacet
  facet normal -0.980786 -0.195089 0
    outer loop
      vertex 0.0256653 2.60842 2.4
      vertex 0.102222 2.22354 0
      vertex 0.102222 2.22354 2.4
    endloop
  endfacet
  facet normal 0.442237 -0.896898 0
    outer loop
      vertex 87.648 0.228361 0
      vertex 88 0.401923 2.4
      vertex 87.648 0.228361 2.4
    endloop
  endfacet
  facet normal 0.442237 -0.896898 0
    outer loop
      vertex 88 0.401923 2.4
      vertex 87.648 0.228361 0
      vertex 88 0.401923 0
    endloop
  endfacet
  facet normal 0.896936 -0.44216 0
    outer loop
      vertex 89.0981 1.5 2.4
      vertex 89.2716 1.85195 0
      vertex 89.2716 1.85195 2.4
    endloop
  endfacet
  facet normal 0.896936 -0.44216 0
    outer loop
      vertex 89.2716 1.85195 0
      vertex 89.0981 1.5 2.4
      vertex 89.0981 1.5 0
    endloop
  endfacet
  facet normal -0.997859 -0.0654026 0
    outer loop
      vertex 0.0256653 2.60842 0
      vertex 0 3 2.4
      vertex 0 3 0
    endloop
  endfacet
  facet normal -0.997859 -0.0654026 0
    outer loop
      vertex 0 3 2.4
      vertex 0.0256653 2.60842 0
      vertex 0.0256653 2.60842 2.4
    endloop
  endfacet
  facet normal 0.0653993 -0.997859 0
    outer loop
      vertex 86.5 0 0
      vertex 86.8916 0.0256653 2.4
      vertex 86.5 0 2.4
    endloop
  endfacet
  facet normal 0.0653993 -0.997859 0
    outer loop
      vertex 86.8916 0.0256653 2.4
      vertex 86.5 0 0
      vertex 86.8916 0.0256653 0
    endloop
  endfacet
  facet normal 0.980728 0.195379 0
    outer loop
      vertex 89.4743 109.492 2.4
      vertex 89.3978 109.876 0
      vertex 89.3978 109.876 2.4
    endloop
  endfacet
  facet normal 0.980728 0.195379 0
    outer loop
      vertex 89.3978 109.876 0
      vertex 89.4743 109.492 2.4
      vertex 89.4743 109.492 0
    endloop
  endfacet
  facet normal -0.195089 -0.980786 0
    outer loop
      vertex 2.22354 0.102222 0
      vertex 2.60842 0.0256653 2.4
      vertex 2.22354 0.102222 2.4
    endloop
  endfacet
  facet normal -0.195089 -0.980786 -0
    outer loop
      vertex 2.60842 0.0256653 2.4
      vertex 2.22354 0.102222 0
      vertex 2.60842 0.0256653 0
    endloop
  endfacet
  facet normal 0 1 -0
    outer loop
      vertex 86.5 112.1 0
      vertex 3 112.1 2.4
      vertex 86.5 112.1 2.4
    endloop
  endfacet
  facet normal 0 1 0
    outer loop
      vertex 3 112.1 2.4
      vertex 86.5 112.1 0
      vertex 3 112.1 0
    endloop
  endfacet
  facet normal -0.321442 -0.946929 0
    outer loop
      vertex 1.85195 0.228361 0
      vertex 2.22354 0.102222 2.4
      vertex 1.85195 0.228361 2.4
    endloop
  endfacet
  facet normal -0.321442 -0.946929 -0
    outer loop
      vertex 2.22354 0.102222 2.4
      vertex 1.85195 0.228361 0
      vertex 2.22354 0.102222 0
    endloop
  endfacet
  facet normal 0.946882 -0.321582 0
    outer loop
      vertex 89.2716 1.85195 2.4
      vertex 89.3978 2.22354 0
      vertex 89.3978 2.22354 2.4
    endloop
  endfacet
  facet normal 0.946882 -0.321582 0
    outer loop
      vertex 89.3978 2.22354 0
      vertex 89.2716 1.85195 2.4
      vertex 89.2716 1.85195 0
    endloop
  endfacet
  facet normal -0.831245 0.555906 0
    outer loop
      vertex 0.401923 110.6 0
      vertex 0.61994 110.926 2.4
      vertex 0.61994 110.926 0
    endloop
  endfacet
  facet normal -0.831245 0.555906 0
    outer loop
      vertex 0.61994 110.926 2.4
      vertex 0.401923 110.6 0
      vertex 0.401923 110.6 2.4
    endloop
  endfacet
  facet normal 1 -0 0
    outer loop
      vertex 89.5 3 2.4
      vertex 89.5 109.1 0
      vertex 89.5 109.1 2.4
    endloop
  endfacet
  facet normal 1 0 0
    outer loop
      vertex 89.5 109.1 0
      vertex 89.5 3 2.4
      vertex 89.5 3 0
    endloop
  endfacet
  facet normal -1 0 0
    outer loop
      vertex 0 3 0
      vertex 0 109.1 2.4
      vertex 0 109.1 0
    endloop
  endfacet
  facet normal -1 -0 0
    outer loop
      vertex 0 109.1 2.4
      vertex 0 3 0
      vertex 0 3 2.4
    endloop
  endfacet
  facet normal -0.555577 -0.831465 0
    outer loop
      vertex 1.17372 0.61994 0
      vertex 1.5 0.401923 2.4
      vertex 1.17372 0.61994 2.4
    endloop
  endfacet
  facet normal -0.555577 -0.831465 -0
    outer loop
      vertex 1.5 0.401923 2.4
      vertex 1.17372 0.61994 0
      vertex 1.5 0.401923 0
    endloop
  endfacet
  facet normal -0.659339 -0.751846 0
    outer loop
      vertex 0.878679 0.878679 0
      vertex 1.17372 0.61994 2.4
      vertex 0.878679 0.878679 2.4
    endloop
  endfacet
  facet normal -0.659339 -0.751846 -0
    outer loop
      vertex 1.17372 0.61994 2.4
      vertex 0.878679 0.878679 0
      vertex 1.17372 0.61994 0
    endloop
  endfacet
  facet normal 0.195079 -0.980788 0
    outer loop
      vertex 86.8916 0.0256653 0
      vertex 87.2765 0.102222 2.4
      vertex 86.8916 0.0256653 2.4
    endloop
  endfacet
  facet normal 0.195079 -0.980788 0
    outer loop
      vertex 87.2765 0.102222 2.4
      vertex 86.8916 0.0256653 0
      vertex 87.2765 0.102222 0
    endloop
  endfacet
  facet normal 0.555523 0.831501 -0
    outer loop
      vertex 88.3263 111.48 0
      vertex 88 111.698 2.4
      vertex 88.3263 111.48 2.4
    endloop
  endfacet
  facet normal 0.555523 0.831501 0
    outer loop
      vertex 88 111.698 2.4
      vertex 88.3263 111.48 0
      vertex 88 111.698 0
    endloop
  endfacet
  facet normal 0 -1 0
    outer loop
      vertex 3 0 0
      vertex 86.5 0 2.4
      vertex 3 0 2.4
    endloop
  endfacet
  facet normal 0 -1 -0
    outer loop
      vertex 86.5 0 2.4
      vertex 3 0 0
      vertex 86.5 0 0
    endloop
  endfacet
  facet normal -0.997864 0.0653328 0
    outer loop
      vertex 0 109.1 0
      vertex 0.0256653 109.492 2.4
      vertex 0.0256653 109.492 0
    endloop
  endfacet
  facet normal -0.997864 0.0653328 0
    outer loop
      vertex 0.0256653 109.492 2.4
      vertex 0 109.1 0
      vertex 0 109.1 2.4
    endloop
  endfacet
  facet normal -0.946929 -0.321442 0
    outer loop
      vertex 0.228361 1.85195 0
      vertex 0.102222 2.22354 2.4
      vertex 0.102222 2.22354 0
    endloop
  endfacet
  facet normal -0.946929 -0.321442 0
    outer loop
      vertex 0.102222 2.22354 2.4
      vertex 0.228361 1.85195 0
      vertex 0.228361 1.85195 2.4
    endloop
  endfacet
  facet normal 0 0 1
    outer loop
      vertex 1.5 11.9 2.4
      vertex 9.2 18.5 2.4
      vertex 1.5 99.85 2.4
    endloop
  endfacet
  facet normal 0 0 1
    outer loop
      vertex 9.2 18.5 2.4
      vertex 1.5 11.9 2.4
      vertex 4.7 11.9 2.4
    endloop
  endfacet
  facet normal 0 0 1
    outer loop
      vertex 80.3 18.5 2.4
      vertex 55.423 10.2612 2.4
      vertex 55.45 9.85 2.4
    endloop
  endfacet
  facet normal 0 0 1
    outer loop
      vertex 80.3 18.5 2.4
      vertex 55.3427 10.6653 2.4
      vertex 55.423 10.2612 2.4
    endloop
  endfacet
  facet normal 0 0 1
    outer loop
      vertex 80.3 18.5 2.4
      vertex 55.2102 11.0555 2.4
      vertex 55.3427 10.6653 2.4
    endloop
  endfacet
  facet normal 0 0 1
    outer loop
      vertex 80.3 18.5 2.4
      vertex 55.028 11.425 2.4
      vertex 55.2102 11.0555 2.4
    endloop
  endfacet
  facet normal 0 0 1
    outer loop
      vertex 80.3 18.5 2.4
      vertex 54.7991 11.7676 2.4
      vertex 55.028 11.425 2.4
    endloop
  endfacet
  facet normal 0 0 1
    outer loop
      vertex 80.3 18.5 2.4
      vertex 54.5274 12.0774 2.4
      vertex 54.7991 11.7676 2.4
    endloop
  endfacet
  facet normal 0 0 1
    outer loop
      vertex 80.3 18.5 2.4
      vertex 54.2176 12.3491 2.4
      vertex 54.5274 12.0774 2.4
    endloop
  endfacet
  facet normal 0 0 1
    outer loop
      vertex 80.3 18.5 2.4
      vertex 53.875 12.578 2.4
      vertex 54.2176 12.3491 2.4
    endloop
  endfacet
  facet normal 0 0 1
    outer loop
      vertex 80.3 18.5 2.4
      vertex 53.5055 12.7602 2.4
      vertex 53.875 12.578 2.4
    endloop
  endfacet
  facet normal 0 0 1
    outer loop
      vertex 80.3 18.5 2.4
      vertex 53.1153 12.8927 2.4
      vertex 53.5055 12.7602 2.4
    endloop
  endfacet
  facet normal 0 0 1
    outer loop
      vertex 80.3 18.5 2.4
      vertex 52.7112 12.9731 2.4
      vertex 53.1153 12.8927 2.4
    endloop
  endfacet
  facet normal 0 0 1
    outer loop
      vertex 80.3 18.5 2.4
      vertex 52.3 13 2.4
      vertex 52.7112 12.9731 2.4
    endloop
  endfacet
  facet normal 0 0 1
    outer loop
      vertex 80.3 18.5 2.4
      vertex 51.8888 12.9731 2.4
      vertex 52.3 13 2.4
    endloop
  endfacet
  facet normal 0 0 1
    outer loop
      vertex 49.1769 10.2612 2.4
      vertex 42.45 9.85 2.4
      vertex 49.15 9.85 2.4
    endloop
  endfacet
  facet normal 0 0 1
    outer loop
      vertex 42.423 10.2612 2.4
      vertex 49.1769 10.2612 2.4
      vertex 49.2573 10.6653 2.4
    endloop
  endfacet
  facet normal 0 0 1
    outer loop
      vertex 42.3427 10.6653 2.4
      vertex 49.2573 10.6653 2.4
      vertex 49.3898 11.0555 2.4
    endloop
  endfacet
  facet normal 0 0 1
    outer loop
      vertex 42.2102 11.0555 2.4
      vertex 49.3898 11.0555 2.4
      vertex 49.572 11.425 2.4
    endloop
  endfacet
  facet normal 0 0 1
    outer loop
      vertex 42.028 11.425 2.4
      vertex 49.572 11.425 2.4
      vertex 49.8009 11.7676 2.4
    endloop
  endfacet
  facet normal 0 0 1
    outer loop
      vertex 41.7991 11.7676 2.4
      vertex 49.8009 11.7676 2.4
      vertex 50.0726 12.0774 2.4
    endloop
  endfacet
  facet normal 0 0 1
    outer loop
      vertex 41.5274 12.0774 2.4
      vertex 50.0726 12.0774 2.4
      vertex 50.3824 12.3491 2.4
    endloop
  endfacet
  facet normal 0 0 1
    outer loop
      vertex 41.2176 12.3491 2.4
      vertex 50.3824 12.3491 2.4
      vertex 50.725 12.578 2.4
    endloop
  endfacet
  facet normal 0 0 1
    outer loop
      vertex 40.875 12.578 2.4
      vertex 50.725 12.578 2.4
      vertex 51.0945 12.7602 2.4
    endloop
  endfacet
  facet normal 0 0 1
    outer loop
      vertex 40.5055 12.7602 2.4
      vertex 51.0945 12.7602 2.4
      vertex 51.4847 12.8927 2.4
    endloop
  endfacet
  facet normal 0 0 1
    outer loop
      vertex 49.1769 10.2612 2.4
      vertex 42.423 10.2612 2.4
      vertex 42.45 9.85 2.4
    endloop
  endfacet
  facet normal 0 0 1
    outer loop
      vertex 49.2573 10.6653 2.4
      vertex 42.3427 10.6653 2.4
      vertex 42.423 10.2612 2.4
    endloop
  endfacet
  facet normal 0 0 1
    outer loop
      vertex 49.3898 11.0555 2.4
      vertex 42.2102 11.0555 2.4
      vertex 42.3427 10.6653 2.4
    endloop
  endfacet
  facet normal 0 0 1
    outer loop
      vertex 40.1153 12.8927 2.4
      vertex 51.4847 12.8927 2.4
      vertex 51.8888 12.9731 2.4
    endloop
  endfacet
  facet normal 0 0 1
    outer loop
      vertex 49.572 11.425 2.4
      vertex 42.028 11.425 2.4
      vertex 42.2102 11.0555 2.4
    endloop
  endfacet
  facet normal 0 0 1
    outer loop
      vertex 39.7112 12.9731 2.4
      vertex 51.8888 12.9731 2.4
      vertex 80.3 18.5 2.4
    endloop
  endfacet
  facet normal 0 0 1
    outer loop
      vertex 49.8009 11.7676 2.4
      vertex 41.7991 11.7676 2.4
      vertex 42.028 11.425 2.4
    endloop
  endfacet
  facet normal 0 0 1
    outer loop
      vertex 50.0726 12.0774 2.4
      vertex 41.5274 12.0774 2.4
      vertex 41.7991 11.7676 2.4
    endloop
  endfacet
  facet normal 0 0 1
    outer loop
      vertex 50.3824 12.3491 2.4
      vertex 41.2176 12.3491 2.4
      vertex 41.5274 12.0774 2.4
    endloop
  endfacet
  facet normal 0 0 1
    outer loop
      vertex 50.725 12.578 2.4
      vertex 40.875 12.578 2.4
      vertex 41.2176 12.3491 2.4
    endloop
  endfacet
  facet normal 0 0 1
    outer loop
      vertex 51.0945 12.7602 2.4
      vertex 40.5055 12.7602 2.4
      vertex 40.875 12.578 2.4
    endloop
  endfacet
  facet normal 0 0 1
    outer loop
      vertex 51.4847 12.8927 2.4
      vertex 40.1153 12.8927 2.4
      vertex 40.5055 12.7602 2.4
    endloop
  endfacet
  facet normal 0 0 1
    outer loop
      vertex 51.8888 12.9731 2.4
      vertex 39.7112 12.9731 2.4
      vertex 40.1153 12.8927 2.4
    endloop
  endfacet
  facet normal 0 0 1
    outer loop
      vertex 80.3 18.5 2.4
      vertex 39.3 13 2.4
      vertex 39.7112 12.9731 2.4
    endloop
  endfacet
  facet normal -0 0 1
    outer loop
      vertex 9.2 18.5 2.4
      vertex 39.3 13 2.4
      vertex 80.3 18.5 2.4
    endloop
  endfacet
  facet normal 0 0 1
    outer loop
      vertex 36.1769 10.2612 2.4
      vertex 29.45 9.85 2.4
      vertex 36.15 9.85 2.4
    endloop
  endfacet
  facet normal 0 0 1
    outer loop
      vertex 29.423 10.2612 2.4
      vertex 36.1769 10.2612 2.4
      vertex 36.2573 10.6653 2.4
    endloop
  endfacet
  facet normal 0 0 1
    outer loop
      vertex 29.3427 10.6653 2.4
      vertex 36.2573 10.6653 2.4
      vertex 36.3898 11.0555 2.4
    endloop
  endfacet
  facet normal 0 0 1
    outer loop
      vertex 29.2102 11.0555 2.4
      vertex 36.3898 11.0555 2.4
      vertex 36.572 11.425 2.4
    endloop
  endfacet
  facet normal 0 0 1
    outer loop
      vertex 29.028 11.425 2.4
      vertex 36.572 11.425 2.4
      vertex 36.8009 11.7676 2.4
    endloop
  endfacet
  facet normal 0 0 1
    outer loop
      vertex 28.7991 11.7676 2.4
      vertex 36.8009 11.7676 2.4
      vertex 37.0726 12.0774 2.4
    endloop
  endfacet
  facet normal 0 0 1
    outer loop
      vertex 28.5274 12.0774 2.4
      vertex 37.0726 12.0774 2.4
      vertex 37.3824 12.3491 2.4
    endloop
  endfacet
  facet normal 0 0 1
    outer loop
      vertex 28.2176 12.3491 2.4
      vertex 37.3824 12.3491 2.4
      vertex 37.725 12.578 2.4
    endloop
  endfacet
  facet normal 0 0 1
    outer loop
      vertex 27.875 12.578 2.4
      vertex 37.725 12.578 2.4
      vertex 38.0945 12.7602 2.4
    endloop
  endfacet
  facet normal 0 0 1
    outer loop
      vertex 27.5055 12.7602 2.4
      vertex 38.0945 12.7602 2.4
      vertex 38.4847 12.8927 2.4
    endloop
  endfacet
  facet normal 0 0 1
    outer loop
      vertex 36.1769 10.2612 2.4
      vertex 29.423 10.2612 2.4
      vertex 29.45 9.85 2.4
    endloop
  endfacet
  facet normal 0 0 1
    outer loop
      vertex 36.2573 10.6653 2.4
      vertex 29.3427 10.6653 2.4
      vertex 29.423 10.2612 2.4
    endloop
  endfacet
  facet normal 0 0 1
    outer loop
      vertex 36.3898 11.0555 2.4
      vertex 29.2102 11.0555 2.4
      vertex 29.3427 10.6653 2.4
    endloop
  endfacet
  facet normal 0 0 1
    outer loop
      vertex 27.1153 12.8927 2.4
      vertex 38.4847 12.8927 2.4
      vertex 38.8888 12.9731 2.4
    endloop
  endfacet
  facet normal 0 0 1
    outer loop
      vertex 36.572 11.425 2.4
      vertex 29.028 11.425 2.4
      vertex 29.2102 11.0555 2.4
    endloop
  endfacet
  facet normal 0 0 1
    outer loop
      vertex 36.8009 11.7676 2.4
      vertex 28.7991 11.7676 2.4
      vertex 29.028 11.425 2.4
    endloop
  endfacet
  facet normal 0 0 1
    outer loop
      vertex 39.3 13 2.4
      vertex 9.2 18.5 2.4
      vertex 38.8888 12.9731 2.4
    endloop
  endfacet
  facet normal 0 0 1
    outer loop
      vertex 37.0726 12.0774 2.4
      vertex 28.5274 12.0774 2.4
      vertex 28.7991 11.7676 2.4
    endloop
  endfacet
  facet normal 0 0 1
    outer loop
      vertex 37.3824 12.3491 2.4
      vertex 28.2176 12.3491 2.4
      vertex 28.5274 12.0774 2.4
    endloop
  endfacet
  facet normal 0 0 1
    outer loop
      vertex 37.725 12.578 2.4
      vertex 27.875 12.578 2.4
      vertex 28.2176 12.3491 2.4
    endloop
  endfacet
  facet normal 0 0 1
    outer loop
      vertex 38.0945 12.7602 2.4
      vertex 27.5055 12.7602 2.4
      vertex 27.875 12.578 2.4
    endloop
  endfacet
  facet normal 0 0 1
    outer loop
      vertex 38.4847 12.8927 2.4
      vertex 27.1153 12.8927 2.4
      vertex 27.5055 12.7602 2.4
    endloop
  endfacet
  facet normal 0 0 1
    outer loop
      vertex 38.8888 12.9731 2.4
      vertex 26.7112 12.9731 2.4
      vertex 27.1153 12.8927 2.4
    endloop
  endfacet
  facet normal 0 0 1
    outer loop
      vertex 38.8888 12.9731 2.4
      vertex 9.2 18.5 2.4
      vertex 26.7112 12.9731 2.4
    endloop
  endfacet
  facet normal 0 0 1
    outer loop
      vertex 26.7112 12.9731 2.4
      vertex 9.2 18.5 2.4
      vertex 26.3 13 2.4
    endloop
  endfacet
  facet normal 0 0 1
    outer loop
      vertex 23.1769 10.2612 2.4
      vertex 9.2 18.5 2.4
      vertex 23.15 9.85 2.4
    endloop
  endfacet
  facet normal 0 0 1
    outer loop
      vertex 23.2573 10.6653 2.4
      vertex 9.2 18.5 2.4
      vertex 23.1769 10.2612 2.4
    endloop
  endfacet
  facet normal 0 0 1
    outer loop
      vertex 23.3898 11.0555 2.4
      vertex 9.2 18.5 2.4
      vertex 23.2573 10.6653 2.4
    endloop
  endfacet
  facet normal 0 0 1
    outer loop
      vertex 23.572 11.425 2.4
      vertex 9.2 18.5 2.4
      vertex 23.3898 11.0555 2.4
    endloop
  endfacet
  facet normal 0 0 1
    outer loop
      vertex 23.8009 11.7676 2.4
      vertex 9.2 18.5 2.4
      vertex 23.572 11.425 2.4
    endloop
  endfacet
  facet normal 0 0 1
    outer loop
      vertex 24.0726 12.0774 2.4
      vertex 9.2 18.5 2.4
      vertex 23.8009 11.7676 2.4
    endloop
  endfacet
  facet normal 0 0 1
    outer loop
      vertex 24.3824 12.3491 2.4
      vertex 9.2 18.5 2.4
      vertex 24.0726 12.0774 2.4
    endloop
  endfacet
  facet normal 0 0 1
    outer loop
      vertex 24.725 12.578 2.4
      vertex 9.2 18.5 2.4
      vertex 24.3824 12.3491 2.4
    endloop
  endfacet
  facet normal 0 0 1
    outer loop
      vertex 25.0945 12.7602 2.4
      vertex 9.2 18.5 2.4
      vertex 24.725 12.578 2.4
    endloop
  endfacet
  facet normal 0 0 1
    outer loop
      vertex 25.4847 12.8927 2.4
      vertex 9.2 18.5 2.4
      vertex 25.0945 12.7602 2.4
    endloop
  endfacet
  facet normal 0 0 1
    outer loop
      vertex 25.8888 12.9731 2.4
      vertex 9.2 18.5 2.4
      vertex 25.4847 12.8927 2.4
    endloop
  endfacet
  facet normal 0 0 1
    outer loop
      vertex 26.3 13 2.4
      vertex 9.2 18.5 2.4
      vertex 25.8888 12.9731 2.4
    endloop
  endfacet
  facet normal 0 0 1
    outer loop
      vertex 80.3 18.5 2.4
      vertex 88 99.85 2.4
      vertex 84.8 99.85 2.4
    endloop
  endfacet
  facet normal 0 0 1
    outer loop
      vertex 88 99.85 2.4
      vertex 80.3 18.5 2.4
      vertex 88 11.9 2.4
    endloop
  endfacet
  facet normal 0 0 1
    outer loop
      vertex 86.5 112.1 2.4
      vertex 89.5 109.1 2.4
      vertex 87.648 111.872 2.4
    endloop
  endfacet
  facet normal 0 0 1
    outer loop
      vertex 86.5 112.1 2.4
      vertex 87.648 111.872 2.4
      vertex 87.2765 111.998 2.4
    endloop
  endfacet
  facet normal 0 0 1
    outer loop
      vertex 86.5 112.1 2.4
      vertex 87.2765 111.998 2.4
      vertex 86.8916 112.074 2.4
    endloop
  endfacet
  facet normal 0 0 1
    outer loop
      vertex 89.5 109.1 2.4
      vertex 86.5 112.1 2.4
      vertex 84.8 104.35 2.4
    endloop
  endfacet
  facet normal 0 0 1
    outer loop
      vertex 89.5 109.1 2.4
      vertex 84.8 104.35 2.4
      vertex 88 104.35 2.4
    endloop
  endfacet
  facet normal 0 0 1
    outer loop
      vertex 80.3 109.6 2.4
      vertex 84.8 99.85 2.4
      vertex 84.8 104.35 2.4
    endloop
  endfacet
  facet normal 0 0 1
    outer loop
      vertex 88 11.9 2.4
      vertex 80.3 18.5 2.4
      vertex 84.8 11.9 2.4
    endloop
  endfacet
  facet normal 0 0 1
    outer loop
      vertex 84.8 99.85 2.4
      vertex 80.3 109.6 2.4
      vertex 80.3 18.5 2.4
    endloop
  endfacet
  facet normal 0 0 1
    outer loop
      vertex 86.5 112.1 2.4
      vertex 80.3 109.6 2.4
      vertex 84.8 104.35 2.4
    endloop
  endfacet
  facet normal 0 0 1
    outer loop
      vertex 86.5 112.1 2.4
      vertex 9.2 109.6 2.4
      vertex 80.3 109.6 2.4
    endloop
  endfacet
  facet normal 0 0 1
    outer loop
      vertex 4.7 99.85 2.4
      vertex 9.2 109.6 2.4
      vertex 4.7 104.35 2.4
    endloop
  endfacet
  facet normal -0 0 1
    outer loop
      vertex 3 112.1 2.4
      vertex 9.2 109.6 2.4
      vertex 86.5 112.1 2.4
    endloop
  endfacet
  facet normal 0 0 1
    outer loop
      vertex 3 112.1 2.4
      vertex 4.7 104.35 2.4
      vertex 9.2 109.6 2.4
    endloop
  endfacet
  facet normal 0 0 1
    outer loop
      vertex 0 109.1 2.4
      vertex 3 112.1 2.4
      vertex 2.60842 112.074 2.4
    endloop
  endfacet
  facet normal 0 0 1
    outer loop
      vertex 0 109.1 2.4
      vertex 2.60842 112.074 2.4
      vertex 2.22354 111.998 2.4
    endloop
  endfacet
  facet normal 0 0 1
    outer loop
      vertex 0 109.1 2.4
      vertex 2.22354 111.998 2.4
      vertex 1.85195 111.872 2.4
    endloop
  endfacet
  facet normal 0 0 1
    outer loop
      vertex 0 109.1 2.4
      vertex 1.85195 111.872 2.4
      vertex 1.5 111.698 2.4
    endloop
  endfacet
  facet normal 0 0 1
    outer loop
      vertex 3 112.1 2.4
      vertex 0 109.1 2.4
      vertex 4.7 104.35 2.4
    endloop
  endfacet
  facet normal 0 0 1
    outer loop
      vertex 4.7 104.35 2.4
      vertex 0 109.1 2.4
      vertex 1.5 104.35 2.4
    endloop
  endfacet
  facet normal 0 0 1
    outer loop
      vertex 1.5 104.35 2.4
      vertex 0 109.1 2.4
      vertex 1.5 99.85 2.4
    endloop
  endfacet
  facet normal 0 0 1
    outer loop
      vertex 1.5 99.85 2.4
      vertex 0 109.1 2.4
      vertex 1.5 11.9 2.4
    endloop
  endfacet
  facet normal 0 0 1
    outer loop
      vertex 0 3 2.4
      vertex 1.5 11.9 2.4
      vertex 0 109.1 2.4
    endloop
  endfacet
  facet normal 0 0 1
    outer loop
      vertex 0 109.1 2.4
      vertex 1.5 111.698 2.4
      vertex 1.17372 111.48 2.4
    endloop
  endfacet
  facet normal 0 0 1
    outer loop
      vertex 1.5 11.9 2.4
      vertex 0 3 2.4
      vertex 1.5 7.4 2.4
    endloop
  endfacet
  facet normal 0 0 1
    outer loop
      vertex 0 109.1 2.4
      vertex 1.17372 111.48 2.4
      vertex 0.878679 111.221 2.4
    endloop
  endfacet
  facet normal 0 0 1
    outer loop
      vertex 1.5 7.4 2.4
      vertex 0 3 2.4
      vertex 1.5 0.401923 2.4
    endloop
  endfacet
  facet normal 0 0 1
    outer loop
      vertex 0 109.1 2.4
      vertex 0.878679 111.221 2.4
      vertex 0.61994 110.926 2.4
    endloop
  endfacet
  facet normal 0 0 1
    outer loop
      vertex 1.5 0.401923 2.4
      vertex 0 3 2.4
      vertex 1.17372 0.61994 2.4
    endloop
  endfacet
  facet normal 0 0 1
    outer loop
      vertex 0 109.1 2.4
      vertex 0.61994 110.926 2.4
      vertex 0.401923 110.6 2.4
    endloop
  endfacet
  facet normal 0 0 1
    outer loop
      vertex 1.17372 0.61994 2.4
      vertex 0 3 2.4
      vertex 0.878679 0.878679 2.4
    endloop
  endfacet
  facet normal 0 0 1
    outer loop
      vertex 0 109.1 2.4
      vertex 0.401923 110.6 2.4
      vertex 0.228361 110.248 2.4
    endloop
  endfacet
  facet normal 0 0 1
    outer loop
      vertex 0.878679 0.878679 2.4
      vertex 0 3 2.4
      vertex 0.61994 1.17372 2.4
    endloop
  endfacet
  facet normal 0 0 1
    outer loop
      vertex 0 109.1 2.4
      vertex 0.228361 110.248 2.4
      vertex 0.102222 109.876 2.4
    endloop
  endfacet
  facet normal 0 0 1
    outer loop
      vertex 0.61994 1.17372 2.4
      vertex 0 3 2.4
      vertex 0.401923 1.5 2.4
    endloop
  endfacet
  facet normal 0 0 1
    outer loop
      vertex 0 109.1 2.4
      vertex 0.102222 109.876 2.4
      vertex 0.0256653 109.492 2.4
    endloop
  endfacet
  facet normal 0 0 1
    outer loop
      vertex 0.401923 1.5 2.4
      vertex 0 3 2.4
      vertex 0.228361 1.85195 2.4
    endloop
  endfacet
  facet normal 0 0 1
    outer loop
      vertex 0.228361 1.85195 2.4
      vertex 0 3 2.4
      vertex 0.102222 2.22354 2.4
    endloop
  endfacet
  facet normal 0 0 1
    outer loop
      vertex 0.102222 2.22354 2.4
      vertex 0 3 2.4
      vertex 0.0256653 2.60842 2.4
    endloop
  endfacet
  facet normal 0 0 1
    outer loop
      vertex 88 111.698 2.4
      vertex 89.5 109.1 2.4
      vertex 89.4743 109.492 2.4
    endloop
  endfacet
  facet normal 0 0 1
    outer loop
      vertex 89.5 109.1 2.4
      vertex 88 99.85 2.4
      vertex 89.5 3 2.4
    endloop
  endfacet
  facet normal 0 0 1
    outer loop
      vertex 88 111.698 2.4
      vertex 89.4743 109.492 2.4
      vertex 89.3978 109.876 2.4
    endloop
  endfacet
  facet normal -0 0 1
    outer loop
      vertex 88 11.9 2.4
      vertex 89.5 3 2.4
      vertex 88 99.85 2.4
    endloop
  endfacet
  facet normal 0 0 1
    outer loop
      vertex 88 111.698 2.4
      vertex 89.3978 109.876 2.4
      vertex 89.2716 110.248 2.4
    endloop
  endfacet
  facet normal -0 0 1
    outer loop
      vertex 88 7.4 2.4
      vertex 89.5 3 2.4
      vertex 88 11.9 2.4
    endloop
  endfacet
  facet normal 0 0 1
    outer loop
      vertex 88 111.698 2.4
      vertex 89.2716 110.248 2.4
      vertex 89.0981 110.6 2.4
    endloop
  endfacet
  facet normal -0 0 1
    outer loop
      vertex 84.8 7.4 2.4
      vertex 89.5 3 2.4
      vertex 88 7.4 2.4
    endloop
  endfacet
  facet normal 0 0 1
    outer loop
      vertex 88 111.698 2.4
      vertex 89.0981 110.6 2.4
      vertex 88.8801 110.926 2.4
    endloop
  endfacet
  facet normal 0 -0 1
    outer loop
      vertex 86.5 0 2.4
      vertex 89.5 3 2.4
      vertex 84.8 7.4 2.4
    endloop
  endfacet
  facet normal 0 0 1
    outer loop
      vertex 88 111.698 2.4
      vertex 88.8801 110.926 2.4
      vertex 88.6213 111.221 2.4
    endloop
  endfacet
  facet normal 0 0 1
    outer loop
      vertex 89.5 3 2.4
      vertex 86.5 0 2.4
      vertex 89.4743 2.60842 2.4
    endloop
  endfacet
  facet normal 0 0 1
    outer loop
      vertex 88 111.698 2.4
      vertex 88.6213 111.221 2.4
      vertex 88.3263 111.48 2.4
    endloop
  endfacet
  facet normal 0 0 1
    outer loop
      vertex 89.4743 2.60842 2.4
      vertex 86.5 0 2.4
      vertex 89.3978 2.22354 2.4
    endloop
  endfacet
  facet normal 0 0 1
    outer loop
      vertex 87.648 111.872 2.4
      vertex 89.5 109.1 2.4
      vertex 88 111.698 2.4
    endloop
  endfacet
  facet normal 0 0 1
    outer loop
      vertex 89.5 109.1 2.4
      vertex 88 104.35 2.4
      vertex 88 99.85 2.4
    endloop
  endfacet
  facet normal 0 0 1
    outer loop
      vertex 89.3978 2.22354 2.4
      vertex 86.5 0 2.4
      vertex 89.2716 1.85195 2.4
    endloop
  endfacet
  facet normal 0 0 1
    outer loop
      vertex 89.2716 1.85195 2.4
      vertex 86.5 0 2.4
      vertex 89.0981 1.5 2.4
    endloop
  endfacet
  facet normal 0 0 1
    outer loop
      vertex 89.0981 1.5 2.4
      vertex 86.5 0 2.4
      vertex 88.8801 1.17372 2.4
    endloop
  endfacet
  facet normal 0 0 1
    outer loop
      vertex 88.8801 1.17372 2.4
      vertex 86.5 0 2.4
      vertex 88.6213 0.878679 2.4
    endloop
  endfacet
  facet normal 0 0 1
    outer loop
      vertex 88.6213 0.878679 2.4
      vertex 86.5 0 2.4
      vertex 88.3263 0.61994 2.4
    endloop
  endfacet
  facet normal 0 0 1
    outer loop
      vertex 88.3263 0.61994 2.4
      vertex 86.5 0 2.4
      vertex 88 0.401923 2.4
    endloop
  endfacet
  facet normal 0 0 1
    outer loop
      vertex 87.648 0.228361 2.4
      vertex 86.5 0 2.4
      vertex 87.2765 0.102222 2.4
    endloop
  endfacet
  facet normal 0 0 1
    outer loop
      vertex 87.2765 0.102222 2.4
      vertex 86.5 0 2.4
      vertex 86.8916 0.0256653 2.4
    endloop
  endfacet
  facet normal 0 0 1
    outer loop
      vertex 88 0.401923 2.4
      vertex 86.5 0 2.4
      vertex 87.648 0.228361 2.4
    endloop
  endfacet
  facet normal 0 0 1
    outer loop
      vertex 84.8 11.9 2.4
      vertex 80.3 18.5 2.4
      vertex 84.8 7.4 2.4
    endloop
  endfacet
  facet normal -0 0 1
    outer loop
      vertex 55.423 9.43884 2.4
      vertex 84.8 7.4 2.4
      vertex 80.3 18.5 2.4
    endloop
  endfacet
  facet normal 0 0 1
    outer loop
      vertex 55.423 9.43884 2.4
      vertex 80.3 18.5 2.4
      vertex 55.45 9.85 2.4
    endloop
  endfacet
  facet normal 0 0 1
    outer loop
      vertex 84.8 7.4 2.4
      vertex 55.423 9.43884 2.4
      vertex 55.3427 9.03472 2.4
    endloop
  endfacet
  facet normal -0 0 1
    outer loop
      vertex 55.2102 8.64455 2.4
      vertex 84.8 7.4 2.4
      vertex 55.3427 9.03472 2.4
    endloop
  endfacet
  facet normal -0 0 1
    outer loop
      vertex 55.028 8.275 2.4
      vertex 84.8 7.4 2.4
      vertex 55.2102 8.64455 2.4
    endloop
  endfacet
  facet normal 0 0 1
    outer loop
      vertex 84.8 7.4 2.4
      vertex 55.028 8.275 2.4
      vertex 86.5 0 2.4
    endloop
  endfacet
  facet normal -0 0 1
    outer loop
      vertex 54.7991 7.9324 2.4
      vertex 86.5 0 2.4
      vertex 55.028 8.275 2.4
    endloop
  endfacet
  facet normal -0 0 1
    outer loop
      vertex 54.5274 7.62261 2.4
      vertex 86.5 0 2.4
      vertex 54.7991 7.9324 2.4
    endloop
  endfacet
  facet normal -0 0 1
    outer loop
      vertex 54.2176 7.35094 2.4
      vertex 86.5 0 2.4
      vertex 54.5274 7.62261 2.4
    endloop
  endfacet
  facet normal -0 0 1
    outer loop
      vertex 53.875 7.12202 2.4
      vertex 86.5 0 2.4
      vertex 54.2176 7.35094 2.4
    endloop
  endfacet
  facet normal -0 0 1
    outer loop
      vertex 53.5055 6.93978 2.4
      vertex 86.5 0 2.4
      vertex 53.875 7.12202 2.4
    endloop
  endfacet
  facet normal -0 0 1
    outer loop
      vertex 53.1153 6.80733 2.4
      vertex 86.5 0 2.4
      vertex 53.5055 6.93978 2.4
    endloop
  endfacet
  facet normal -0 0 1
    outer loop
      vertex 52.7112 6.72695 2.4
      vertex 86.5 0 2.4
      vertex 53.1153 6.80733 2.4
    endloop
  endfacet
  facet normal -0 0 1
    outer loop
      vertex 52.3 6.7 2.4
      vertex 86.5 0 2.4
      vertex 52.7112 6.72695 2.4
    endloop
  endfacet
  facet normal 0 0 1
    outer loop
      vertex 39.3 6.7 2.4
      vertex 52.3 6.7 2.4
      vertex 51.8888 6.72695 2.4
    endloop
  endfacet
  facet normal -0 0 1
    outer loop
      vertex 42.45 9.85 2.4
      vertex 49.1769 9.43884 2.4
      vertex 49.15 9.85 2.4
    endloop
  endfacet
  facet normal 0 0 1
    outer loop
      vertex 42.423 9.43884 2.4
      vertex 49.1769 9.43884 2.4
      vertex 42.45 9.85 2.4
    endloop
  endfacet
  facet normal 0 0 1
    outer loop
      vertex 49.1769 9.43884 2.4
      vertex 42.423 9.43884 2.4
      vertex 49.2573 9.03472 2.4
    endloop
  endfacet
  facet normal 0 0 1
    outer loop
      vertex 42.3427 9.03472 2.4
      vertex 49.2573 9.03472 2.4
      vertex 42.423 9.43884 2.4
    endloop
  endfacet
  facet normal 0 0 1
    outer loop
      vertex 49.2573 9.03472 2.4
      vertex 42.3427 9.03472 2.4
      vertex 49.3898 8.64455 2.4
    endloop
  endfacet
  facet normal 0 0 1
    outer loop
      vertex 42.2102 8.64455 2.4
      vertex 49.3898 8.64455 2.4
      vertex 42.3427 9.03472 2.4
    endloop
  endfacet
  facet normal 0 0 1
    outer loop
      vertex 49.3898 8.64455 2.4
      vertex 42.2102 8.64455 2.4
      vertex 49.572 8.275 2.4
    endloop
  endfacet
  facet normal 0 0 1
    outer loop
      vertex 42.028 8.275 2.4
      vertex 49.572 8.275 2.4
      vertex 42.2102 8.64455 2.4
    endloop
  endfacet
  facet normal 0 0 1
    outer loop
      vertex 49.572 8.275 2.4
      vertex 42.028 8.275 2.4
      vertex 49.8009 7.9324 2.4
    endloop
  endfacet
  facet normal 0 0 1
    outer loop
      vertex 41.7991 7.9324 2.4
      vertex 49.8009 7.9324 2.4
      vertex 42.028 8.275 2.4
    endloop
  endfacet
  facet normal 0 0 1
    outer loop
      vertex 49.8009 7.9324 2.4
      vertex 41.7991 7.9324 2.4
      vertex 50.0726 7.62261 2.4
    endloop
  endfacet
  facet normal 0 0 1
    outer loop
      vertex 41.5274 7.62261 2.4
      vertex 50.0726 7.62261 2.4
      vertex 41.7991 7.9324 2.4
    endloop
  endfacet
  facet normal 0 0 1
    outer loop
      vertex 50.0726 7.62261 2.4
      vertex 41.5274 7.62261 2.4
      vertex 50.3824 7.35094 2.4
    endloop
  endfacet
  facet normal 0 0 1
    outer loop
      vertex 41.2176 7.35094 2.4
      vertex 50.3824 7.35094 2.4
      vertex 41.5274 7.62261 2.4
    endloop
  endfacet
  facet normal 0 0 1
    outer loop
      vertex 50.3824 7.35094 2.4
      vertex 41.2176 7.35094 2.4
      vertex 50.725 7.12202 2.4
    endloop
  endfacet
  facet normal 0 0 1
    outer loop
      vertex 40.875 7.12202 2.4
      vertex 50.725 7.12202 2.4
      vertex 41.2176 7.35094 2.4
    endloop
  endfacet
  facet normal 0 0 1
    outer loop
      vertex 50.725 7.12202 2.4
      vertex 40.875 7.12202 2.4
      vertex 51.0945 6.93978 2.4
    endloop
  endfacet
  facet normal 0 0 1
    outer loop
      vertex 40.5055 6.93978 2.4
      vertex 51.0945 6.93978 2.4
      vertex 40.875 7.12202 2.4
    endloop
  endfacet
  facet normal 0 0 1
    outer loop
      vertex 51.0945 6.93978 2.4
      vertex 40.5055 6.93978 2.4
      vertex 51.4847 6.80733 2.4
    endloop
  endfacet
  facet normal 0 0 1
    outer loop
      vertex 40.1153 6.80733 2.4
      vertex 51.4847 6.80733 2.4
      vertex 40.5055 6.93978 2.4
    endloop
  endfacet
  facet normal 0 0 1
    outer loop
      vertex 51.4847 6.80733 2.4
      vertex 40.1153 6.80733 2.4
      vertex 51.8888 6.72695 2.4
    endloop
  endfacet
  facet normal 0 0 1
    outer loop
      vertex 39.7112 6.72695 2.4
      vertex 51.8888 6.72695 2.4
      vertex 40.1153 6.80733 2.4
    endloop
  endfacet
  facet normal 0 0 1
    outer loop
      vertex 39.3 6.7 2.4
      vertex 51.8888 6.72695 2.4
      vertex 39.7112 6.72695 2.4
    endloop
  endfacet
  facet normal 0 0 1
    outer loop
      vertex 52.3 6.7 2.4
      vertex 39.3 6.7 2.4
      vertex 86.5 0 2.4
    endloop
  endfacet
  facet normal 0 0 1
    outer loop
      vertex 3 0 2.4
      vertex 39.3 6.7 2.4
      vertex 38.8888 6.72695 2.4
    endloop
  endfacet
  facet normal -0 0 1
    outer loop
      vertex 29.45 9.85 2.4
      vertex 36.1769 9.43884 2.4
      vertex 36.15 9.85 2.4
    endloop
  endfacet
  facet normal 0 0 1
    outer loop
      vertex 29.423 9.43884 2.4
      vertex 36.1769 9.43884 2.4
      vertex 29.45 9.85 2.4
    endloop
  endfacet
  facet normal 0 0 1
    outer loop
      vertex 36.1769 9.43884 2.4
      vertex 29.423 9.43884 2.4
      vertex 36.2573 9.03472 2.4
    endloop
  endfacet
  facet normal 0 0 1
    outer loop
      vertex 29.3427 9.03472 2.4
      vertex 36.2573 9.03472 2.4
      vertex 29.423 9.43884 2.4
    endloop
  endfacet
  facet normal 0 0 1
    outer loop
      vertex 36.2573 9.03472 2.4
      vertex 29.3427 9.03472 2.4
      vertex 36.3898 8.64455 2.4
    endloop
  endfacet
  facet normal 0 0 1
    outer loop
      vertex 29.2102 8.64455 2.4
      vertex 36.3898 8.64455 2.4
      vertex 29.3427 9.03472 2.4
    endloop
  endfacet
  facet normal 0 0 1
    outer loop
      vertex 36.3898 8.64455 2.4
      vertex 29.2102 8.64455 2.4
      vertex 36.572 8.275 2.4
    endloop
  endfacet
  facet normal 0 0 1
    outer loop
      vertex 29.028 8.275 2.4
      vertex 36.572 8.275 2.4
      vertex 29.2102 8.64455 2.4
    endloop
  endfacet
  facet normal 0 0 1
    outer loop
      vertex 36.572 8.275 2.4
      vertex 29.028 8.275 2.4
      vertex 36.8009 7.9324 2.4
    endloop
  endfacet
  facet normal 0 0 1
    outer loop
      vertex 28.7991 7.9324 2.4
      vertex 36.8009 7.9324 2.4
      vertex 29.028 8.275 2.4
    endloop
  endfacet
  facet normal 0 0 1
    outer loop
      vertex 36.8009 7.9324 2.4
      vertex 28.7991 7.9324 2.4
      vertex 37.0726 7.62261 2.4
    endloop
  endfacet
  facet normal 0 0 1
    outer loop
      vertex 28.5274 7.62261 2.4
      vertex 37.0726 7.62261 2.4
      vertex 28.7991 7.9324 2.4
    endloop
  endfacet
  facet normal 0 0 1
    outer loop
      vertex 37.0726 7.62261 2.4
      vertex 28.5274 7.62261 2.4
      vertex 37.3824 7.35094 2.4
    endloop
  endfacet
  facet normal 0 0 1
    outer loop
      vertex 28.2176 7.35094 2.4
      vertex 37.3824 7.35094 2.4
      vertex 28.5274 7.62261 2.4
    endloop
  endfacet
  facet normal 0 0 1
    outer loop
      vertex 37.3824 7.35094 2.4
      vertex 28.2176 7.35094 2.4
      vertex 37.725 7.12202 2.4
    endloop
  endfacet
  facet normal 0 0 1
    outer loop
      vertex 27.875 7.12202 2.4
      vertex 37.725 7.12202 2.4
      vertex 28.2176 7.35094 2.4
    endloop
  endfacet
  facet normal 0 0 1
    outer loop
      vertex 37.725 7.12202 2.4
      vertex 27.875 7.12202 2.4
      vertex 38.0945 6.93978 2.4
    endloop
  endfacet
  facet normal 0 0 1
    outer loop
      vertex 27.5055 6.93978 2.4
      vertex 38.0945 6.93978 2.4
      vertex 27.875 7.12202 2.4
    endloop
  endfacet
  facet normal 0 0 1
    outer loop
      vertex 38.0945 6.93978 2.4
      vertex 27.5055 6.93978 2.4
      vertex 38.4847 6.80733 2.4
    endloop
  endfacet
  facet normal 0 0 1
    outer loop
      vertex 27.1153 6.80733 2.4
      vertex 38.4847 6.80733 2.4
      vertex 27.5055 6.93978 2.4
    endloop
  endfacet
  facet normal 0 0 1
    outer loop
      vertex 38.4847 6.80733 2.4
      vertex 27.1153 6.80733 2.4
      vertex 38.8888 6.72695 2.4
    endloop
  endfacet
  facet normal 0 0 1
    outer loop
      vertex 26.7112 6.72695 2.4
      vertex 38.8888 6.72695 2.4
      vertex 27.1153 6.80733 2.4
    endloop
  endfacet
  facet normal 0 0 1
    outer loop
      vertex 3 0 2.4
      vertex 38.8888 6.72695 2.4
      vertex 26.7112 6.72695 2.4
    endloop
  endfacet
  facet normal 0 0 1
    outer loop
      vertex 3 0 2.4
      vertex 26.7112 6.72695 2.4
      vertex 26.3 6.7 2.4
    endloop
  endfacet
  facet normal 0 0 1
    outer loop
      vertex 3 0 2.4
      vertex 26.3 6.7 2.4
      vertex 25.8888 6.72695 2.4
    endloop
  endfacet
  facet normal -0 0 1
    outer loop
      vertex 4.7 11.9 2.4
      vertex 23.15 9.85 2.4
      vertex 9.2 18.5 2.4
    endloop
  endfacet
  facet normal 0 0 1
    outer loop
      vertex 4.7 7.4 2.4
      vertex 23.15 9.85 2.4
      vertex 4.7 11.9 2.4
    endloop
  endfacet
  facet normal 0 0 1
    outer loop
      vertex 23.15 9.85 2.4
      vertex 4.7 7.4 2.4
      vertex 23.1769 9.43884 2.4
    endloop
  endfacet
  facet normal 0 0 1
    outer loop
      vertex 23.1769 9.43884 2.4
      vertex 4.7 7.4 2.4
      vertex 23.2573 9.03472 2.4
    endloop
  endfacet
  facet normal 0 0 1
    outer loop
      vertex 23.2573 9.03472 2.4
      vertex 4.7 7.4 2.4
      vertex 23.3898 8.64455 2.4
    endloop
  endfacet
  facet normal 0 0 1
    outer loop
      vertex 23.3898 8.64455 2.4
      vertex 4.7 7.4 2.4
      vertex 23.572 8.275 2.4
    endloop
  endfacet
  facet normal 0 0 1
    outer loop
      vertex 23.572 8.275 2.4
      vertex 4.7 7.4 2.4
      vertex 23.8009 7.9324 2.4
    endloop
  endfacet
  facet normal 0 0 1
    outer loop
      vertex 9.2 109.6 2.4
      vertex 4.7 99.85 2.4
      vertex 9.2 18.5 2.4
    endloop
  endfacet
  facet normal -0 0 1
    outer loop
      vertex 1.5 99.85 2.4
      vertex 9.2 18.5 2.4
      vertex 4.7 99.85 2.4
    endloop
  endfacet
  facet normal 0 0 1
    outer loop
      vertex 3 0 2.4
      vertex 23.8009 7.9324 2.4
      vertex 4.7 7.4 2.4
    endloop
  endfacet
  facet normal 0 0 1
    outer loop
      vertex 23.8009 7.9324 2.4
      vertex 3 0 2.4
      vertex 24.0726 7.62261 2.4
    endloop
  endfacet
  facet normal 0 0 1
    outer loop
      vertex 24.0726 7.62261 2.4
      vertex 3 0 2.4
      vertex 24.3824 7.35094 2.4
    endloop
  endfacet
  facet normal 0 0 1
    outer loop
      vertex 24.3824 7.35094 2.4
      vertex 3 0 2.4
      vertex 24.725 7.12202 2.4
    endloop
  endfacet
  facet normal 0 0 1
    outer loop
      vertex 24.725 7.12202 2.4
      vertex 3 0 2.4
      vertex 25.0945 6.93978 2.4
    endloop
  endfacet
  facet normal 0 0 1
    outer loop
      vertex 25.0945 6.93978 2.4
      vertex 3 0 2.4
      vertex 25.4847 6.80733 2.4
    endloop
  endfacet
  facet normal 0 0 1
    outer loop
      vertex 25.4847 6.80733 2.4
      vertex 3 0 2.4
      vertex 25.8888 6.72695 2.4
    endloop
  endfacet
  facet normal 0 0 1
    outer loop
      vertex 39.3 6.7 2.4
      vertex 3 0 2.4
      vertex 86.5 0 2.4
    endloop
  endfacet
  facet normal -0 0 1
    outer loop
      vertex 1.5 0.401923 2.4
      vertex 3 0 2.4
      vertex 4.7 7.4 2.4
    endloop
  endfacet
  facet normal 0 0 1
    outer loop
      vertex 3 0 2.4
      vertex 1.5 0.401923 2.4
      vertex 2.60842 0.0256653 2.4
    endloop
  endfacet
  facet normal 0 0 1
    outer loop
      vertex 2.60842 0.0256653 2.4
      vertex 1.5 0.401923 2.4
      vertex 2.22354 0.102222 2.4
    endloop
  endfacet
  facet normal 0 0 1
    outer loop
      vertex 1.5 0.401923 2.4
      vertex 4.7 7.4 2.4
      vertex 1.5 7.4 2.4
    endloop
  endfacet
  facet normal 0 0 1
    outer loop
      vertex 2.22354 0.102222 2.4
      vertex 1.5 0.401923 2.4
      vertex 1.85195 0.228361 2.4
    endloop
  endfacet
  facet normal -0.751846 -0.659339 0
    outer loop
      vertex 0.878679 0.878679 0
      vertex 0.61994 1.17372 2.4
      vertex 0.61994 1.17372 0
    endloop
  endfacet
  facet normal -0.751846 -0.659339 0
    outer loop
      vertex 0.61994 1.17372 2.4
      vertex 0.878679 0.878679 0
      vertex 0.878679 0.878679 2.4
    endloop
  endfacet
  facet normal 0.896961 0.44211 0
    outer loop
      vertex 89.2716 110.248 2.4
      vertex 89.0981 110.6 0
      vertex 89.0981 110.6 2.4
    endloop
  endfacet
  facet normal 0.896961 0.44211 0
    outer loop
      vertex 89.0981 110.6 0
      vertex 89.2716 110.248 2.4
      vertex 89.2716 110.248 0
    endloop
  endfacet
  facet normal -0.193723 0.981056 0
    outer loop
      vertex 2.60842 112.074 0
      vertex 2.22354 111.998 2.4
      vertex 2.60842 112.074 2.4
    endloop
  endfacet
  facet normal -0.193723 0.981056 0
    outer loop
      vertex 2.22354 111.998 2.4
      vertex 2.60842 112.074 0
      vertex 2.22354 111.998 0
    endloop
  endfacet
  facet normal 0.997858 0.0654208 0
    outer loop
      vertex 89.5 109.1 2.4
      vertex 89.4743 109.492 0
      vertex 89.4743 109.492 2.4
    endloop
  endfacet
  facet normal 0.997858 0.0654208 0
    outer loop
      vertex 89.4743 109.492 0
      vertex 89.5 109.1 2.4
      vertex 89.5 109.1 0
    endloop
  endfacet
  facet normal -0.0654026 -0.997859 0
    outer loop
      vertex 2.60842 0.0256653 0
      vertex 3 0 2.4
      vertex 2.60842 0.0256653 2.4
    endloop
  endfacet
  facet normal -0.0654026 -0.997859 -0
    outer loop
      vertex 3 0 2.4
      vertex 2.60842 0.0256653 0
      vertex 3 0 0
    endloop
  endfacet
  facet normal 0.751769 -0.659426 0
    outer loop
      vertex 88.6213 0.878679 2.4
      vertex 88.8801 1.17372 0
      vertex 88.8801 1.17372 2.4
    endloop
  endfacet
  facet normal 0.751769 -0.659426 0
    outer loop
      vertex 88.8801 1.17372 0
      vertex 88.6213 0.878679 2.4
      vertex 88.6213 0.878679 0
    endloop
  endfacet
  facet normal -0.555547 0.831485 0
    outer loop
      vertex 1.5 111.698 0
      vertex 1.17372 111.48 2.4
      vertex 1.5 111.698 2.4
    endloop
  endfacet
  facet normal -0.555547 0.831485 0
    outer loop
      vertex 1.17372 111.48 2.4
      vertex 1.5 111.698 0
      vertex 1.17372 111.48 0
    endloop
  endfacet
  facet normal 0.751724 0.659478 0
    outer loop
      vertex 88.8801 110.926 2.4
      vertex 88.6213 111.221 0
      vertex 88.6213 111.221 2.4
    endloop
  endfacet
  facet normal 0.751724 0.659478 0
    outer loop
      vertex 88.6213 111.221 0
      vertex 88.8801 110.926 2.4
      vertex 88.8801 110.926 0
    endloop
  endfacet
  facet normal -0.896898 0.442237 0
    outer loop
      vertex 0.228361 110.248 0
      vertex 0.401923 110.6 2.4
      vertex 0.401923 110.6 0
    endloop
  endfacet
  facet normal -0.896898 0.442237 0
    outer loop
      vertex 0.401923 110.6 2.4
      vertex 0.228361 110.248 0
      vertex 0.228361 110.248 2.4
    endloop
  endfacet
  facet normal -0.321125 0.947037 0
    outer loop
      vertex 2.22354 111.998 0
      vertex 1.85195 111.872 2.4
      vertex 2.22354 111.998 2.4
    endloop
  endfacet
  facet normal -0.321125 0.947037 0
    outer loop
      vertex 1.85195 111.872 2.4
      vertex 2.22354 111.998 0
      vertex 1.85195 111.872 0
    endloop
  endfacet
  facet normal -0.947037 0.321124 0
    outer loop
      vertex 0.102222 109.876 0
      vertex 0.228361 110.248 2.4
      vertex 0.228361 110.248 0
    endloop
  endfacet
  facet normal -0.947037 0.321124 0
    outer loop
      vertex 0.228361 110.248 2.4
      vertex 0.102222 109.876 0
      vertex 0.102222 109.876 2.4
    endloop
  endfacet
  facet normal -0.9807 0.195519 0
    outer loop
      vertex 0.0256653 109.492 0
      vertex 0.102222 109.876 2.4
      vertex 0.102222 109.876 0
    endloop
  endfacet
  facet normal -0.9807 0.195519 0
    outer loop
      vertex 0.102222 109.876 2.4
      vertex 0.0256653 109.492 0
      vertex 0.0256653 109.492 2.4
    endloop
  endfacet
  facet normal 0.321512 -0.946905 0
    outer loop
      vertex 87.2765 0.102222 0
      vertex 87.648 0.228361 2.4
      vertex 87.2765 0.102222 2.4
    endloop
  endfacet
  facet normal 0.321512 -0.946905 0
    outer loop
      vertex 87.648 0.228361 2.4
      vertex 87.2765 0.102222 0
      vertex 87.648 0.228361 0
    endloop
  endfacet
  facet normal -0.751801 0.65939 0
    outer loop
      vertex 0.61994 110.926 0
      vertex 0.878679 111.221 2.4
      vertex 0.878679 111.221 0
    endloop
  endfacet
  facet normal -0.751801 0.65939 0
    outer loop
      vertex 0.878679 111.221 2.4
      vertex 0.61994 110.926 0
      vertex 0.61994 110.926 2.4
    endloop
  endfacet
  facet normal 0.659766 0.751471 -0
    outer loop
      vertex 88.6213 111.221 0
      vertex 88.3263 111.48 2.4
      vertex 88.6213 111.221 2.4
    endloop
  endfacet
  facet normal 0.659766 0.751471 0
    outer loop
      vertex 88.3263 111.48 2.4
      vertex 88.6213 111.221 0
      vertex 88.3263 111.48 0
    endloop
  endfacet
  facet normal -0.0662518 0.997803 0
    outer loop
      vertex 3 112.1 0
      vertex 2.60842 112.074 2.4
      vertex 3 112.1 2.4
    endloop
  endfacet
  facet normal -0.0662518 0.997803 0
    outer loop
      vertex 2.60842 112.074 2.4
      vertex 3 112.1 0
      vertex 2.60842 112.074 0
    endloop
  endfacet
  facet normal 0.831265 0.555877 0
    outer loop
      vertex 89.0981 110.6 2.4
      vertex 88.8801 110.926 0
      vertex 88.8801 110.926 2.4
    endloop
  endfacet
  facet normal 0.831265 0.555877 0
    outer loop
      vertex 88.8801 110.926 0
      vertex 89.0981 110.6 2.4
      vertex 89.0981 110.6 0
    endloop
  endfacet
  facet normal 0.831485 -0.555547 0
    outer loop
      vertex 88.8801 1.17372 2.4
      vertex 89.0981 1.5 0
      vertex 89.0981 1.5 2.4
    endloop
  endfacet
  facet normal 0.831485 -0.555547 0
    outer loop
      vertex 89.0981 1.5 0
      vertex 88.8801 1.17372 2.4
      vertex 88.8801 1.17372 0
    endloop
  endfacet
  facet normal -0.443185 0.89643 0
    outer loop
      vertex 1.85195 111.872 0
      vertex 1.5 111.698 2.4
      vertex 1.85195 111.872 2.4
    endloop
  endfacet
  facet normal -0.443185 0.89643 0
    outer loop
      vertex 1.5 111.698 2.4
      vertex 1.85195 111.872 0
      vertex 1.5 111.698 0
    endloop
  endfacet
  facet normal 0.997853 -0.0654906 0
    outer loop
      vertex 89.4743 2.60842 2.4
      vertex 89.5 3 0
      vertex 89.5 3 2.4
    endloop
  endfacet
  facet normal 0.997853 -0.0654906 0
    outer loop
      vertex 89.5 3 0
      vertex 89.4743 2.60842 2.4
      vertex 89.4743 2.60842 0
    endloop
  endfacet
  facet normal 0.980813 -0.19495 0
    outer loop
      vertex 89.3978 2.22354 2.4
      vertex 89.4743 2.60842 0
      vertex 89.4743 2.60842 2.4
    endloop
  endfacet
  facet normal 0.980813 -0.19495 0
    outer loop
      vertex 89.4743 2.60842 0
      vertex 89.3978 2.22354 2.4
      vertex 89.3978 2.22354 0
    endloop
  endfacet
  facet normal -0.896873 -0.442288 0
    outer loop
      vertex 0.401923 1.5 0
      vertex 0.228361 1.85195 2.4
      vertex 0.228361 1.85195 0
    endloop
  endfacet
  facet normal -0.896873 -0.442288 0
    outer loop
      vertex 0.228361 1.85195 2.4
      vertex 0.401923 1.5 0
      vertex 0.401923 1.5 2.4
    endloop
  endfacet
  facet normal 0.0662484 0.997803 -0
    outer loop
      vertex 86.8916 112.074 0
      vertex 86.5 112.1 2.4
      vertex 86.8916 112.074 2.4
    endloop
  endfacet
  facet normal 0.0662484 0.997803 0
    outer loop
      vertex 86.5 112.1 2.4
      vertex 86.8916 112.074 0
      vertex 86.5 112.1 0
    endloop
  endfacet
  facet normal 0 0 -1
    outer loop
      vertex 86.5 0 0
      vertex 89.5 3 0
      vertex 89.4743 2.60842 0
    endloop
  endfacet
  facet normal 0 0 -1
    outer loop
      vertex 89.5 3 0
      vertex 74.5 20.5 0
      vertex 89.5 109.1 0
    endloop
  endfacet
  facet normal 0 0 -1
    outer loop
      vertex 86.5 0 0
      vertex 89.4743 2.60842 0
      vertex 89.3978 2.22354 0
    endloop
  endfacet
  facet normal 0 0 -1
    outer loop
      vertex 74.5 107 0
      vertex 89.5 109.1 0
      vertex 74.5 20.5 0
    endloop
  endfacet
  facet normal 0 0 -1
    outer loop
      vertex 86.5 0 0
      vertex 89.3978 2.22354 0
      vertex 89.2716 1.85195 0
    endloop
  endfacet
  facet normal 0 -0 -1
    outer loop
      vertex 86.5 112.1 0
      vertex 89.5 109.1 0
      vertex 74.5 107 0
    endloop
  endfacet
  facet normal 0 0 -1
    outer loop
      vertex 86.5 0 0
      vertex 89.2716 1.85195 0
      vertex 89.0981 1.5 0
    endloop
  endfacet
  facet normal 0 0 -1
    outer loop
      vertex 89.5 109.1 0
      vertex 86.5 112.1 0
      vertex 89.4743 109.492 0
    endloop
  endfacet
  facet normal 0 0 -1
    outer loop
      vertex 86.5 0 0
      vertex 89.0981 1.5 0
      vertex 88.8801 1.17372 0
    endloop
  endfacet
  facet normal 0 0 -1
    outer loop
      vertex 89.4743 109.492 0
      vertex 86.5 112.1 0
      vertex 89.3978 109.876 0
    endloop
  endfacet
  facet normal 0 0 -1
    outer loop
      vertex 86.5 0 0
      vertex 88.8801 1.17372 0
      vertex 88.6213 0.878679 0
    endloop
  endfacet
  facet normal 0 0 -1
    outer loop
      vertex 89.3978 109.876 0
      vertex 86.5 112.1 0
      vertex 89.2716 110.248 0
    endloop
  endfacet
  facet normal 0 0 -1
    outer loop
      vertex 86.5 0 0
      vertex 88.6213 0.878679 0
      vertex 88.3263 0.61994 0
    endloop
  endfacet
  facet normal 0 0 -1
    outer loop
      vertex 89.2716 110.248 0
      vertex 86.5 112.1 0
      vertex 89.0981 110.6 0
    endloop
  endfacet
  facet normal 0 0 -1
    outer loop
      vertex 86.5 0 0
      vertex 88.3263 0.61994 0
      vertex 88 0.401923 0
    endloop
  endfacet
  facet normal 0 0 -1
    outer loop
      vertex 89.0981 110.6 0
      vertex 86.5 112.1 0
      vertex 88.8801 110.926 0
    endloop
  endfacet
  facet normal 0 0 -1
    outer loop
      vertex 86.5 0 0
      vertex 88 0.401923 0
      vertex 87.648 0.228361 0
    endloop
  endfacet
  facet normal 0 0 -1
    outer loop
      vertex 88.8801 110.926 0
      vertex 86.5 112.1 0
      vertex 88.6213 111.221 0
    endloop
  endfacet
  facet normal 0 0 -1
    outer loop
      vertex 86.5 0 0
      vertex 87.648 0.228361 0
      vertex 87.2765 0.102222 0
    endloop
  endfacet
  facet normal 0 0 -1
    outer loop
      vertex 88.6213 111.221 0
      vertex 86.5 112.1 0
      vertex 88.3263 111.48 0
    endloop
  endfacet
  facet normal 0 0 -1
    outer loop
      vertex 86.5 0 0
      vertex 87.2765 0.102222 0
      vertex 86.8916 0.0256653 0
    endloop
  endfacet
  facet normal 0 0 -1
    outer loop
      vertex 88.3263 111.48 0
      vertex 86.5 112.1 0
      vertex 88 111.698 0
    endloop
  endfacet
  facet normal -0 0 -1
    outer loop
      vertex 89.5 3 0
      vertex 86.5 0 0
      vertex 74.5 20.5 0
    endloop
  endfacet
  facet normal 0 0 -1
    outer loop
      vertex 88 111.698 0
      vertex 86.5 112.1 0
      vertex 87.648 111.872 0
    endloop
  endfacet
  facet normal 0 0 -1
    outer loop
      vertex 87.648 111.872 0
      vertex 86.5 112.1 0
      vertex 87.2765 111.998 0
    endloop
  endfacet
  facet normal 0 0 -1
    outer loop
      vertex 55.3427 9.03472 0
      vertex 74.5 20.5 0
      vertex 86.5 0 0
    endloop
  endfacet
  facet normal 0 0 -1
    outer loop
      vertex 74.5 20.5 0
      vertex 55.423 9.43884 0
      vertex 55.45 9.85 0
    endloop
  endfacet
  facet normal 0 0 -1
    outer loop
      vertex 74.5 20.5 0
      vertex 55.3427 9.03472 0
      vertex 55.423 9.43884 0
    endloop
  endfacet
  facet normal 0 0 -1
    outer loop
      vertex 86.5 0 0
      vertex 55.2102 8.64455 0
      vertex 55.3427 9.03472 0
    endloop
  endfacet
  facet normal 0 0 -1
    outer loop
      vertex 86.5 0 0
      vertex 55.028 8.275 0
      vertex 55.2102 8.64455 0
    endloop
  endfacet
  facet normal 0 0 -1
    outer loop
      vertex 86.5 0 0
      vertex 54.7991 7.9324 0
      vertex 55.028 8.275 0
    endloop
  endfacet
  facet normal 0 0 -1
    outer loop
      vertex 86.5 0 0
      vertex 54.5274 7.62261 0
      vertex 54.7991 7.9324 0
    endloop
  endfacet
  facet normal 0 0 -1
    outer loop
      vertex 86.5 0 0
      vertex 54.2176 7.35094 0
      vertex 54.5274 7.62261 0
    endloop
  endfacet
  facet normal 0 0 -1
    outer loop
      vertex 86.5 0 0
      vertex 53.875 7.12202 0
      vertex 54.2176 7.35094 0
    endloop
  endfacet
  facet normal 0 0 -1
    outer loop
      vertex 86.5 0 0
      vertex 53.5055 6.93978 0
      vertex 53.875 7.12202 0
    endloop
  endfacet
  facet normal 0 0 -1
    outer loop
      vertex 86.5 0 0
      vertex 53.1153 6.80733 0
      vertex 53.5055 6.93978 0
    endloop
  endfacet
  facet normal 0 0 -1
    outer loop
      vertex 86.5 0 0
      vertex 52.7112 6.72695 0
      vertex 53.1153 6.80733 0
    endloop
  endfacet
  facet normal 0 0 -1
    outer loop
      vertex 86.5 0 0
      vertex 52.3 6.7 0
      vertex 52.7112 6.72695 0
    endloop
  endfacet
  facet normal 0 0 -1
    outer loop
      vertex 39.3 6.7 0
      vertex 52.3 6.7 0
      vertex 86.5 0 0
    endloop
  endfacet
  facet normal 0 0 -1
    outer loop
      vertex 49.1769 9.43884 0
      vertex 42.45 9.85 0
      vertex 49.15 9.85 0
    endloop
  endfacet
  facet normal 0 0 -1
    outer loop
      vertex 42.423 9.43884 0
      vertex 49.1769 9.43884 0
      vertex 49.2573 9.03472 0
    endloop
  endfacet
  facet normal 0 0 -1
    outer loop
      vertex 42.3427 9.03472 0
      vertex 49.2573 9.03472 0
      vertex 49.3898 8.64455 0
    endloop
  endfacet
  facet normal 0 0 -1
    outer loop
      vertex 42.2102 8.64455 0
      vertex 49.3898 8.64455 0
      vertex 49.572 8.275 0
    endloop
  endfacet
  facet normal 0 0 -1
    outer loop
      vertex 42.028 8.275 0
      vertex 49.572 8.275 0
      vertex 49.8009 7.9324 0
    endloop
  endfacet
  facet normal 0 0 -1
    outer loop
      vertex 41.7991 7.9324 0
      vertex 49.8009 7.9324 0
      vertex 50.0726 7.62261 0
    endloop
  endfacet
  facet normal 0 0 -1
    outer loop
      vertex 41.5274 7.62261 0
      vertex 50.0726 7.62261 0
      vertex 50.3824 7.35094 0
    endloop
  endfacet
  facet normal 0 0 -1
    outer loop
      vertex 41.2176 7.35094 0
      vertex 50.3824 7.35094 0
      vertex 50.725 7.12202 0
    endloop
  endfacet
  facet normal 0 0 -1
    outer loop
      vertex 40.875 7.12202 0
      vertex 50.725 7.12202 0
      vertex 51.0945 6.93978 0
    endloop
  endfacet
  facet normal 0 0 -1
    outer loop
      vertex 40.5055 6.93978 0
      vertex 51.0945 6.93978 0
      vertex 51.4847 6.80733 0
    endloop
  endfacet
  facet normal 0 0 -1
    outer loop
      vertex 49.1769 9.43884 0
      vertex 42.423 9.43884 0
      vertex 42.45 9.85 0
    endloop
  endfacet
  facet normal 0 0 -1
    outer loop
      vertex 49.2573 9.03472 0
      vertex 42.3427 9.03472 0
      vertex 42.423 9.43884 0
    endloop
  endfacet
  facet normal 0 0 -1
    outer loop
      vertex 49.3898 8.64455 0
      vertex 42.2102 8.64455 0
      vertex 42.3427 9.03472 0
    endloop
  endfacet
  facet normal 0 0 -1
    outer loop
      vertex 40.1153 6.80733 0
      vertex 51.4847 6.80733 0
      vertex 51.8888 6.72695 0
    endloop
  endfacet
  facet normal 0 0 -1
    outer loop
      vertex 49.572 8.275 0
      vertex 42.028 8.275 0
      vertex 42.2102 8.64455 0
    endloop
  endfacet
  facet normal 0 0 -1
    outer loop
      vertex 52.3 6.7 0
      vertex 39.3 6.7 0
      vertex 51.8888 6.72695 0
    endloop
  endfacet
  facet normal 0 0 -1
    outer loop
      vertex 49.8009 7.9324 0
      vertex 41.7991 7.9324 0
      vertex 42.028 8.275 0
    endloop
  endfacet
  facet normal 0 0 -1
    outer loop
      vertex 50.0726 7.62261 0
      vertex 41.5274 7.62261 0
      vertex 41.7991 7.9324 0
    endloop
  endfacet
  facet normal 0 0 -1
    outer loop
      vertex 50.3824 7.35094 0
      vertex 41.2176 7.35094 0
      vertex 41.5274 7.62261 0
    endloop
  endfacet
  facet normal 0 0 -1
    outer loop
      vertex 50.725 7.12202 0
      vertex 40.875 7.12202 0
      vertex 41.2176 7.35094 0
    endloop
  endfacet
  facet normal 0 0 -1
    outer loop
      vertex 51.0945 6.93978 0
      vertex 40.5055 6.93978 0
      vertex 40.875 7.12202 0
    endloop
  endfacet
  facet normal 0 0 -1
    outer loop
      vertex 51.4847 6.80733 0
      vertex 40.1153 6.80733 0
      vertex 40.5055 6.93978 0
    endloop
  endfacet
  facet normal 0 0 -1
    outer loop
      vertex 51.8888 6.72695 0
      vertex 39.7112 6.72695 0
      vertex 40.1153 6.80733 0
    endloop
  endfacet
  facet normal -0 0 -1
    outer loop
      vertex 51.8888 6.72695 0
      vertex 39.3 6.7 0
      vertex 39.7112 6.72695 0
    endloop
  endfacet
  facet normal 0 0 -1
    outer loop
      vertex 3 0 0
      vertex 39.3 6.7 0
      vertex 86.5 0 0
    endloop
  endfacet
  facet normal 0 0 -1
    outer loop
      vertex 36.1769 9.43884 0
      vertex 29.45 9.85 0
      vertex 36.15 9.85 0
    endloop
  endfacet
  facet normal 0 0 -1
    outer loop
      vertex 29.423 9.43884 0
      vertex 36.1769 9.43884 0
      vertex 36.2573 9.03472 0
    endloop
  endfacet
  facet normal 0 0 -1
    outer loop
      vertex 29.3427 9.03472 0
      vertex 36.2573 9.03472 0
      vertex 36.3898 8.64455 0
    endloop
  endfacet
  facet normal 0 0 -1
    outer loop
      vertex 29.2102 8.64455 0
      vertex 36.3898 8.64455 0
      vertex 36.572 8.275 0
    endloop
  endfacet
  facet normal 0 0 -1
    outer loop
      vertex 29.028 8.275 0
      vertex 36.572 8.275 0
      vertex 36.8009 7.9324 0
    endloop
  endfacet
  facet normal 0 0 -1
    outer loop
      vertex 28.7991 7.9324 0
      vertex 36.8009 7.9324 0
      vertex 37.0726 7.62261 0
    endloop
  endfacet
  facet normal 0 0 -1
    outer loop
      vertex 28.5274 7.62261 0
      vertex 37.0726 7.62261 0
      vertex 37.3824 7.35094 0
    endloop
  endfacet
  facet normal 0 0 -1
    outer loop
      vertex 28.2176 7.35094 0
      vertex 37.3824 7.35094 0
      vertex 37.725 7.12202 0
    endloop
  endfacet
  facet normal 0 0 -1
    outer loop
      vertex 27.875 7.12202 0
      vertex 37.725 7.12202 0
      vertex 38.0945 6.93978 0
    endloop
  endfacet
  facet normal 0 0 -1
    outer loop
      vertex 27.5055 6.93978 0
      vertex 38.0945 6.93978 0
      vertex 38.4847 6.80733 0
    endloop
  endfacet
  facet normal 0 0 -1
    outer loop
      vertex 36.1769 9.43884 0
      vertex 29.423 9.43884 0
      vertex 29.45 9.85 0
    endloop
  endfacet
  facet normal 0 0 -1
    outer loop
      vertex 36.2573 9.03472 0
      vertex 29.3427 9.03472 0
      vertex 29.423 9.43884 0
    endloop
  endfacet
  facet normal 0 0 -1
    outer loop
      vertex 36.3898 8.64455 0
      vertex 29.2102 8.64455 0
      vertex 29.3427 9.03472 0
    endloop
  endfacet
  facet normal 0 0 -1
    outer loop
      vertex 27.1153 6.80733 0
      vertex 38.4847 6.80733 0
      vertex 38.8888 6.72695 0
    endloop
  endfacet
  facet normal 0 0 -1
    outer loop
      vertex 36.572 8.275 0
      vertex 29.028 8.275 0
      vertex 29.2102 8.64455 0
    endloop
  endfacet
  facet normal 0 0 -1
    outer loop
      vertex 36.8009 7.9324 0
      vertex 28.7991 7.9324 0
      vertex 29.028 8.275 0
    endloop
  endfacet
  facet normal -0 0 -1
    outer loop
      vertex 39.3 6.7 0
      vertex 3 0 0
      vertex 38.8888 6.72695 0
    endloop
  endfacet
  facet normal 0 0 -1
    outer loop
      vertex 37.0726 7.62261 0
      vertex 28.5274 7.62261 0
      vertex 28.7991 7.9324 0
    endloop
  endfacet
  facet normal 0 0 -1
    outer loop
      vertex 37.3824 7.35094 0
      vertex 28.2176 7.35094 0
      vertex 28.5274 7.62261 0
    endloop
  endfacet
  facet normal 0 0 -1
    outer loop
      vertex 37.725 7.12202 0
      vertex 27.875 7.12202 0
      vertex 28.2176 7.35094 0
    endloop
  endfacet
  facet normal 0 0 -1
    outer loop
      vertex 38.0945 6.93978 0
      vertex 27.5055 6.93978 0
      vertex 27.875 7.12202 0
    endloop
  endfacet
  facet normal 0 0 -1
    outer loop
      vertex 38.4847 6.80733 0
      vertex 27.1153 6.80733 0
      vertex 27.5055 6.93978 0
    endloop
  endfacet
  facet normal 0 0 -1
    outer loop
      vertex 38.8888 6.72695 0
      vertex 26.7112 6.72695 0
      vertex 27.1153 6.80733 0
    endloop
  endfacet
  facet normal -0 0 -1
    outer loop
      vertex 38.8888 6.72695 0
      vertex 3 0 0
      vertex 26.7112 6.72695 0
    endloop
  endfacet
  facet normal 0 0 -1
    outer loop
      vertex 26.7112 6.72695 0
      vertex 3 0 0
      vertex 26.3 6.7 0
    endloop
  endfacet
  facet normal 0 0 -1
    outer loop
      vertex 23.1769 9.43884 0
      vertex 9.5 20.5 0
      vertex 23.15 9.85 0
    endloop
  endfacet
  facet normal 0 0 -1
    outer loop
      vertex 3 0 0
      vertex 23.1769 9.43884 0
      vertex 23.2573 9.03472 0
    endloop
  endfacet
  facet normal 0 0 -1
    outer loop
      vertex 3 0 0
      vertex 23.2573 9.03472 0
      vertex 23.3898 8.64455 0
    endloop
  endfacet
  facet normal 0 0 -1
    outer loop
      vertex 3 0 0
      vertex 23.3898 8.64455 0
      vertex 23.572 8.275 0
    endloop
  endfacet
  facet normal 0 0 -1
    outer loop
      vertex 3 0 0
      vertex 23.572 8.275 0
      vertex 23.8009 7.9324 0
    endloop
  endfacet
  facet normal 0 0 -1
    outer loop
      vertex 3 0 0
      vertex 23.8009 7.9324 0
      vertex 24.0726 7.62261 0
    endloop
  endfacet
  facet normal 0 0 -1
    outer loop
      vertex 0 3 0
      vertex 9.5 20.5 0
      vertex 3 0 0
    endloop
  endfacet
  facet normal -0 0 -1
    outer loop
      vertex 23.1769 9.43884 0
      vertex 3 0 0
      vertex 9.5 20.5 0
    endloop
  endfacet
  facet normal -0 0 -1
    outer loop
      vertex 24.3824 7.35094 0
      vertex 3 0 0
      vertex 24.0726 7.62261 0
    endloop
  endfacet
  facet normal -0 0 -1
    outer loop
      vertex 24.725 7.12202 0
      vertex 3 0 0
      vertex 24.3824 7.35094 0
    endloop
  endfacet
  facet normal -0 0 -1
    outer loop
      vertex 25.0945 6.93978 0
      vertex 3 0 0
      vertex 24.725 7.12202 0
    endloop
  endfacet
  facet normal -0 0 -1
    outer loop
      vertex 25.4847 6.80733 0
      vertex 3 0 0
      vertex 25.0945 6.93978 0
    endloop
  endfacet
  facet normal -0 0 -1
    outer loop
      vertex 25.8888 6.72695 0
      vertex 3 0 0
      vertex 25.4847 6.80733 0
    endloop
  endfacet
  facet normal -0 0 -1
    outer loop
      vertex 26.3 6.7 0
      vertex 3 0 0
      vertex 25.8888 6.72695 0
    endloop
  endfacet
  facet normal 0 0 -1
    outer loop
      vertex 87.2765 111.998 0
      vertex 86.5 112.1 0
      vertex 86.8916 112.074 0
    endloop
  endfacet
  facet normal 0 0 -1
    outer loop
      vertex 3 112.1 0
      vertex 74.5 107 0
      vertex 9.5 107 0
    endloop
  endfacet
  facet normal 0 0 -1
    outer loop
      vertex 74.5 107 0
      vertex 3 112.1 0
      vertex 86.5 112.1 0
    endloop
  endfacet
  facet normal 0 0 -1
    outer loop
      vertex 0 109.1 0
      vertex 9.5 20.5 0
      vertex 0 3 0
    endloop
  endfacet
  facet normal 0 0 -1
    outer loop
      vertex 0 3 0
      vertex 3 0 0
      vertex 2.60842 0.0256653 0
    endloop
  endfacet
  facet normal 0 0 -1
    outer loop
      vertex 9.5 20.5 0
      vertex 0 109.1 0
      vertex 9.5 107 0
    endloop
  endfacet
  facet normal 0 0 -1
    outer loop
      vertex 0 3 0
      vertex 2.60842 0.0256653 0
      vertex 2.22354 0.102222 0
    endloop
  endfacet
  facet normal 0 0 -1
    outer loop
      vertex 9.5 107 0
      vertex 0 109.1 0
      vertex 3 112.1 0
    endloop
  endfacet
  facet normal 0 0 -1
    outer loop
      vertex 0 3 0
      vertex 2.22354 0.102222 0
      vertex 1.85195 0.228361 0
    endloop
  endfacet
  facet normal 0 0 -1
    outer loop
      vertex 3 112.1 0
      vertex 0 109.1 0
      vertex 2.60842 112.074 0
    endloop
  endfacet
  facet normal 0 0 -1
    outer loop
      vertex 0 3 0
      vertex 1.85195 0.228361 0
      vertex 1.5 0.401923 0
    endloop
  endfacet
  facet normal 0 0 -1
    outer loop
      vertex 2.60842 112.074 0
      vertex 0 109.1 0
      vertex 2.22354 111.998 0
    endloop
  endfacet
  facet normal 0 0 -1
    outer loop
      vertex 0 3 0
      vertex 1.5 0.401923 0
      vertex 1.17372 0.61994 0
    endloop
  endfacet
  facet normal 0 0 -1
    outer loop
      vertex 2.22354 111.998 0
      vertex 0 109.1 0
      vertex 1.85195 111.872 0
    endloop
  endfacet
  facet normal 0 0 -1
    outer loop
      vertex 0 3 0
      vertex 1.17372 0.61994 0
      vertex 0.878679 0.878679 0
    endloop
  endfacet
  facet normal 0 0 -1
    outer loop
      vertex 1.85195 111.872 0
      vertex 0 109.1 0
      vertex 1.5 111.698 0
    endloop
  endfacet
  facet normal 0 0 -1
    outer loop
      vertex 0 3 0
      vertex 0.878679 0.878679 0
      vertex 0.61994 1.17372 0
    endloop
  endfacet
  facet normal 0 0 -1
    outer loop
      vertex 1.5 111.698 0
      vertex 0 109.1 0
      vertex 1.17372 111.48 0
    endloop
  endfacet
  facet normal 0 0 -1
    outer loop
      vertex 0 3 0
      vertex 0.61994 1.17372 0
      vertex 0.401923 1.5 0
    endloop
  endfacet
  facet normal 0 0 -1
    outer loop
      vertex 1.17372 111.48 0
      vertex 0 109.1 0
      vertex 0.878679 111.221 0
    endloop
  endfacet
  facet normal 0 0 -1
    outer loop
      vertex 0 3 0
      vertex 0.401923 1.5 0
      vertex 0.228361 1.85195 0
    endloop
  endfacet
  facet normal 0 0 -1
    outer loop
      vertex 0.878679 111.221 0
      vertex 0 109.1 0
      vertex 0.61994 110.926 0
    endloop
  endfacet
  facet normal 0 0 -1
    outer loop
      vertex 0 3 0
      vertex 0.228361 1.85195 0
      vertex 0.102222 2.22354 0
    endloop
  endfacet
  facet normal 0 0 -1
    outer loop
      vertex 0.61994 110.926 0
      vertex 0 109.1 0
      vertex 0.401923 110.6 0
    endloop
  endfacet
  facet normal 0 0 -1
    outer loop
      vertex 0 3 0
      vertex 0.102222 2.22354 0
      vertex 0.0256653 2.60842 0
    endloop
  endfacet
  facet normal 0 0 -1
    outer loop
      vertex 0.401923 110.6 0
      vertex 0 109.1 0
      vertex 0.228361 110.248 0
    endloop
  endfacet
  facet normal 0 0 -1
    outer loop
      vertex 0.228361 110.248 0
      vertex 0 109.1 0
      vertex 0.102222 109.876 0
    endloop
  endfacet
  facet normal 0 0 -1
    outer loop
      vertex 0.102222 109.876 0
      vertex 0 109.1 0
      vertex 0.0256653 109.492 0
    endloop
  endfacet
  facet normal 0 0 -1
    outer loop
      vertex 55.423 10.2612 0
      vertex 74.5 20.5 0
      vertex 55.45 9.85 0
    endloop
  endfacet
  facet normal 0 0 -1
    outer loop
      vertex 55.3427 10.6653 0
      vertex 74.5 20.5 0
      vertex 55.423 10.2612 0
    endloop
  endfacet
  facet normal 0 0 -1
    outer loop
      vertex 55.2102 11.0555 0
      vertex 74.5 20.5 0
      vertex 55.3427 10.6653 0
    endloop
  endfacet
  facet normal 0 0 -1
    outer loop
      vertex 55.028 11.425 0
      vertex 74.5 20.5 0
      vertex 55.2102 11.0555 0
    endloop
  endfacet
  facet normal 0 0 -1
    outer loop
      vertex 54.7991 11.7676 0
      vertex 74.5 20.5 0
      vertex 55.028 11.425 0
    endloop
  endfacet
  facet normal 0 0 -1
    outer loop
      vertex 54.5274 12.0774 0
      vertex 74.5 20.5 0
      vertex 54.7991 11.7676 0
    endloop
  endfacet
  facet normal 0 0 -1
    outer loop
      vertex 54.2176 12.3491 0
      vertex 74.5 20.5 0
      vertex 54.5274 12.0774 0
    endloop
  endfacet
  facet normal 0 0 -1
    outer loop
      vertex 53.875 12.578 0
      vertex 74.5 20.5 0
      vertex 54.2176 12.3491 0
    endloop
  endfacet
  facet normal 0 0 -1
    outer loop
      vertex 53.5055 12.7602 0
      vertex 74.5 20.5 0
      vertex 53.875 12.578 0
    endloop
  endfacet
  facet normal 0 0 -1
    outer loop
      vertex 53.1153 12.8927 0
      vertex 74.5 20.5 0
      vertex 53.5055 12.7602 0
    endloop
  endfacet
  facet normal 0 0 -1
    outer loop
      vertex 52.7112 12.9731 0
      vertex 74.5 20.5 0
      vertex 53.1153 12.8927 0
    endloop
  endfacet
  facet normal 0 0 -1
    outer loop
      vertex 52.3 13 0
      vertex 74.5 20.5 0
      vertex 52.7112 12.9731 0
    endloop
  endfacet
  facet normal 0 0 -1
    outer loop
      vertex 51.8888 12.9731 0
      vertex 74.5 20.5 0
      vertex 52.3 13 0
    endloop
  endfacet
  facet normal 0 0 -1
    outer loop
      vertex 39.7112 12.9731 0
      vertex 51.8888 12.9731 0
      vertex 51.4847 12.8927 0
    endloop
  endfacet
  facet normal 0 0 -1
    outer loop
      vertex 42.45 9.85 0
      vertex 49.1769 10.2612 0
      vertex 49.15 9.85 0
    endloop
  endfacet
  facet normal 0 0 -1
    outer loop
      vertex 42.423 10.2612 0
      vertex 49.1769 10.2612 0
      vertex 42.45 9.85 0
    endloop
  endfacet
  facet normal 0 0 -1
    outer loop
      vertex 49.1769 10.2612 0
      vertex 42.423 10.2612 0
      vertex 49.2573 10.6653 0
    endloop
  endfacet
  facet normal 0 0 -1
    outer loop
      vertex 42.3427 10.6653 0
      vertex 49.2573 10.6653 0
      vertex 42.423 10.2612 0
    endloop
  endfacet
  facet normal 0 0 -1
    outer loop
      vertex 49.2573 10.6653 0
      vertex 42.3427 10.6653 0
      vertex 49.3898 11.0555 0
    endloop
  endfacet
  facet normal 0 0 -1
    outer loop
      vertex 42.2102 11.0555 0
      vertex 49.3898 11.0555 0
      vertex 42.3427 10.6653 0
    endloop
  endfacet
  facet normal 0 0 -1
    outer loop
      vertex 49.3898 11.0555 0
      vertex 42.2102 11.0555 0
      vertex 49.572 11.425 0
    endloop
  endfacet
  facet normal 0 0 -1
    outer loop
      vertex 42.028 11.425 0
      vertex 49.572 11.425 0
      vertex 42.2102 11.0555 0
    endloop
  endfacet
  facet normal 0 0 -1
    outer loop
      vertex 49.572 11.425 0
      vertex 42.028 11.425 0
      vertex 49.8009 11.7676 0
    endloop
  endfacet
  facet normal 0 0 -1
    outer loop
      vertex 41.7991 11.7676 0
      vertex 49.8009 11.7676 0
      vertex 42.028 11.425 0
    endloop
  endfacet
  facet normal 0 0 -1
    outer loop
      vertex 49.8009 11.7676 0
      vertex 41.7991 11.7676 0
      vertex 50.0726 12.0774 0
    endloop
  endfacet
  facet normal 0 0 -1
    outer loop
      vertex 41.5274 12.0774 0
      vertex 50.0726 12.0774 0
      vertex 41.7991 11.7676 0
    endloop
  endfacet
  facet normal 0 0 -1
    outer loop
      vertex 50.0726 12.0774 0
      vertex 41.5274 12.0774 0
      vertex 50.3824 12.3491 0
    endloop
  endfacet
  facet normal 0 0 -1
    outer loop
      vertex 41.2176 12.3491 0
      vertex 50.3824 12.3491 0
      vertex 41.5274 12.0774 0
    endloop
  endfacet
  facet normal 0 0 -1
    outer loop
      vertex 50.3824 12.3491 0
      vertex 41.2176 12.3491 0
      vertex 50.725 12.578 0
    endloop
  endfacet
  facet normal 0 0 -1
    outer loop
      vertex 40.875 12.578 0
      vertex 50.725 12.578 0
      vertex 41.2176 12.3491 0
    endloop
  endfacet
  facet normal 0 0 -1
    outer loop
      vertex 50.725 12.578 0
      vertex 40.875 12.578 0
      vertex 51.0945 12.7602 0
    endloop
  endfacet
  facet normal 0 0 -1
    outer loop
      vertex 40.5055 12.7602 0
      vertex 51.0945 12.7602 0
      vertex 40.875 12.578 0
    endloop
  endfacet
  facet normal 0 0 -1
    outer loop
      vertex 51.0945 12.7602 0
      vertex 40.5055 12.7602 0
      vertex 51.4847 12.8927 0
    endloop
  endfacet
  facet normal 0 0 -1
    outer loop
      vertex 40.1153 12.8927 0
      vertex 51.4847 12.8927 0
      vertex 40.5055 12.7602 0
    endloop
  endfacet
  facet normal 0 0 -1
    outer loop
      vertex 39.7112 12.9731 0
      vertex 51.4847 12.8927 0
      vertex 40.1153 12.8927 0
    endloop
  endfacet
  facet normal 0 0 -1
    outer loop
      vertex 51.8888 12.9731 0
      vertex 39.7112 12.9731 0
      vertex 74.5 20.5 0
    endloop
  endfacet
  facet normal 0 0 -1
    outer loop
      vertex 39.3 13 0
      vertex 74.5 20.5 0
      vertex 39.7112 12.9731 0
    endloop
  endfacet
  facet normal 0 0 -1
    outer loop
      vertex 9.5 20.5 0
      vertex 39.3 13 0
      vertex 38.8888 12.9731 0
    endloop
  endfacet
  facet normal 0 0 -1
    outer loop
      vertex 26.7112 12.9731 0
      vertex 38.8888 12.9731 0
      vertex 38.4847 12.8927 0
    endloop
  endfacet
  facet normal 0 0 -1
    outer loop
      vertex 29.45 9.85 0
      vertex 36.1769 10.2612 0
      vertex 36.15 9.85 0
    endloop
  endfacet
  facet normal 0 0 -1
    outer loop
      vertex 29.423 10.2612 0
      vertex 36.1769 10.2612 0
      vertex 29.45 9.85 0
    endloop
  endfacet
  facet normal 0 0 -1
    outer loop
      vertex 36.1769 10.2612 0
      vertex 29.423 10.2612 0
      vertex 36.2573 10.6653 0
    endloop
  endfacet
  facet normal 0 0 -1
    outer loop
      vertex 29.3427 10.6653 0
      vertex 36.2573 10.6653 0
      vertex 29.423 10.2612 0
    endloop
  endfacet
  facet normal 0 0 -1
    outer loop
      vertex 36.2573 10.6653 0
      vertex 29.3427 10.6653 0
      vertex 36.3898 11.0555 0
    endloop
  endfacet
  facet normal 0 0 -1
    outer loop
      vertex 29.2102 11.0555 0
      vertex 36.3898 11.0555 0
      vertex 29.3427 10.6653 0
    endloop
  endfacet
  facet normal 0 0 -1
    outer loop
      vertex 36.3898 11.0555 0
      vertex 29.2102 11.0555 0
      vertex 36.572 11.425 0
    endloop
  endfacet
  facet normal 0 0 -1
    outer loop
      vertex 29.028 11.425 0
      vertex 36.572 11.425 0
      vertex 29.2102 11.0555 0
    endloop
  endfacet
  facet normal 0 0 -1
    outer loop
      vertex 36.572 11.425 0
      vertex 29.028 11.425 0
      vertex 36.8009 11.7676 0
    endloop
  endfacet
  facet normal 0 0 -1
    outer loop
      vertex 28.7991 11.7676 0
      vertex 36.8009 11.7676 0
      vertex 29.028 11.425 0
    endloop
  endfacet
  facet normal 0 0 -1
    outer loop
      vertex 36.8009 11.7676 0
      vertex 28.7991 11.7676 0
      vertex 37.0726 12.0774 0
    endloop
  endfacet
  facet normal 0 0 -1
    outer loop
      vertex 28.5274 12.0774 0
      vertex 37.0726 12.0774 0
      vertex 28.7991 11.7676 0
    endloop
  endfacet
  facet normal 0 0 -1
    outer loop
      vertex 37.0726 12.0774 0
      vertex 28.5274 12.0774 0
      vertex 37.3824 12.3491 0
    endloop
  endfacet
  facet normal 0 0 -1
    outer loop
      vertex 28.2176 12.3491 0
      vertex 37.3824 12.3491 0
      vertex 28.5274 12.0774 0
    endloop
  endfacet
  facet normal 0 0 -1
    outer loop
      vertex 37.3824 12.3491 0
      vertex 28.2176 12.3491 0
      vertex 37.725 12.578 0
    endloop
  endfacet
  facet normal 0 0 -1
    outer loop
      vertex 27.875 12.578 0
      vertex 37.725 12.578 0
      vertex 28.2176 12.3491 0
    endloop
  endfacet
  facet normal 0 0 -1
    outer loop
      vertex 37.725 12.578 0
      vertex 27.875 12.578 0
      vertex 38.0945 12.7602 0
    endloop
  endfacet
  facet normal 0 0 -1
    outer loop
      vertex 27.5055 12.7602 0
      vertex 38.0945 12.7602 0
      vertex 27.875 12.578 0
    endloop
  endfacet
  facet normal 0 0 -1
    outer loop
      vertex 38.0945 12.7602 0
      vertex 27.5055 12.7602 0
      vertex 38.4847 12.8927 0
    endloop
  endfacet
  facet normal 0 0 -1
    outer loop
      vertex 27.1153 12.8927 0
      vertex 38.4847 12.8927 0
      vertex 27.5055 12.7602 0
    endloop
  endfacet
  facet normal 0 0 -1
    outer loop
      vertex 26.7112 12.9731 0
      vertex 38.4847 12.8927 0
      vertex 27.1153 12.8927 0
    endloop
  endfacet
  facet normal 0 0 -1
    outer loop
      vertex 38.8888 12.9731 0
      vertex 26.7112 12.9731 0
      vertex 9.5 20.5 0
    endloop
  endfacet
  facet normal 0 0 -1
    outer loop
      vertex 9.5 20.5 0
      vertex 26.7112 12.9731 0
      vertex 26.3 13 0
    endloop
  endfacet
  facet normal 0 0 -1
    outer loop
      vertex 9.5 20.5 0
      vertex 26.3 13 0
      vertex 25.8888 12.9731 0
    endloop
  endfacet
  facet normal 0 0 -1
    outer loop
      vertex 39.3 13 0
      vertex 9.5 20.5 0
      vertex 74.5 20.5 0
    endloop
  endfacet
  facet normal 0 0 -1
    outer loop
      vertex 25.4847 12.8927 0
      vertex 9.5 20.5 0
      vertex 25.8888 12.9731 0
    endloop
  endfacet
  facet normal 0 0 -1
    outer loop
      vertex 25.0945 12.7602 0
      vertex 9.5 20.5 0
      vertex 25.4847 12.8927 0
    endloop
  endfacet
  facet normal 0 0 -1
    outer loop
      vertex 24.725 12.578 0
      vertex 9.5 20.5 0
      vertex 25.0945 12.7602 0
    endloop
  endfacet
  facet normal 0 0 -1
    outer loop
      vertex 24.3824 12.3491 0
      vertex 9.5 20.5 0
      vertex 24.725 12.578 0
    endloop
  endfacet
  facet normal 0 0 -1
    outer loop
      vertex 24.0726 12.0774 0
      vertex 9.5 20.5 0
      vertex 24.3824 12.3491 0
    endloop
  endfacet
  facet normal 0 0 -1
    outer loop
      vertex 23.8009 11.7676 0
      vertex 9.5 20.5 0
      vertex 24.0726 12.0774 0
    endloop
  endfacet
  facet normal 0 0 -1
    outer loop
      vertex 23.572 11.425 0
      vertex 9.5 20.5 0
      vertex 23.8009 11.7676 0
    endloop
  endfacet
  facet normal 0 0 -1
    outer loop
      vertex 23.3898 11.0555 0
      vertex 9.5 20.5 0
      vertex 23.572 11.425 0
    endloop
  endfacet
  facet normal 0 0 -1
    outer loop
      vertex 23.2573 10.6653 0
      vertex 9.5 20.5 0
      vertex 23.3898 11.0555 0
    endloop
  endfacet
  facet normal 0 0 -1
    outer loop
      vertex 23.1769 10.2612 0
      vertex 9.5 20.5 0
      vertex 23.2573 10.6653 0
    endloop
  endfacet
  facet normal 0 0 -1
    outer loop
      vertex 9.5 20.5 0
      vertex 23.1769 10.2612 0
      vertex 23.15 9.85 0
    endloop
  endfacet
  facet normal 0.193714 0.981058 -0
    outer loop
      vertex 87.2765 111.998 0
      vertex 86.8916 112.074 2.4
      vertex 87.2765 111.998 2.4
    endloop
  endfacet
  facet normal 0.193714 0.981058 0
    outer loop
      vertex 86.8916 112.074 2.4
      vertex 87.2765 111.998 0
      vertex 86.8916 112.074 0
    endloop
  endfacet
  facet normal 0.65939 -0.751801 0
    outer loop
      vertex 88.3263 0.61994 0
      vertex 88.6213 0.878679 2.4
      vertex 88.3263 0.61994 2.4
    endloop
  endfacet
  facet normal 0.65939 -0.751801 0
    outer loop
      vertex 88.6213 0.878679 2.4
      vertex 88.3263 0.61994 0
      vertex 88.6213 0.878679 0
    endloop
  endfacet
  facet normal 0.443134 0.896455 -0
    outer loop
      vertex 88 111.698 0
      vertex 87.648 111.872 2.4
      vertex 88 111.698 2.4
    endloop
  endfacet
  facet normal 0.443134 0.896455 0
    outer loop
      vertex 87.648 111.872 2.4
      vertex 88 111.698 0
      vertex 87.648 111.872 0
    endloop
  endfacet
  facet normal -0.659714 0.751516 0
    outer loop
      vertex 1.17372 111.48 0
      vertex 0.878679 111.221 2.4
      vertex 1.17372 111.48 2.4
    endloop
  endfacet
  facet normal -0.659714 0.751516 0
    outer loop
      vertex 0.878679 111.221 2.4
      vertex 1.17372 111.48 0
      vertex 0.878679 111.221 0
    endloop
  endfacet
  facet normal 0.94699 0.321264 0
    outer loop
      vertex 89.3978 109.876 2.4
      vertex 89.2716 110.248 0
      vertex 89.2716 110.248 2.4
    endloop
  endfacet
  facet normal 0.94699 0.321264 0
    outer loop
      vertex 89.2716 110.248 0
      vertex 89.3978 109.876 2.4
      vertex 89.3978 109.876 0
    endloop
  endfacet
  facet normal -0.831465 -0.555577 0
    outer loop
      vertex 0.61994 1.17372 0
      vertex 0.401923 1.5 2.4
      vertex 0.401923 1.5 0
    endloop
  endfacet
  facet normal -0.831465 -0.555577 0
    outer loop
      vertex 0.401923 1.5 2.4
      vertex 0.61994 1.17372 0
      vertex 0.61994 1.17372 2.4
    endloop
  endfacet
  facet normal 0.555553 -0.831481 0
    outer loop
      vertex 88 0.401923 0
      vertex 88.3263 0.61994 2.4
      vertex 88 0.401923 2.4
    endloop
  endfacet
  facet normal 0.555553 -0.831481 0
    outer loop
      vertex 88.3263 0.61994 2.4
      vertex 88 0.401923 0
      vertex 88.3263 0.61994 0
    endloop
  endfacet
  facet normal -0.442288 -0.896873 0
    outer loop
      vertex 1.5 0.401923 0
      vertex 1.85195 0.228361 2.4
      vertex 1.5 0.401923 2.4
    endloop
  endfacet
  facet normal -0.442288 -0.896873 -0
    outer loop
      vertex 1.85195 0.228361 2.4
      vertex 1.5 0.401923 0
      vertex 1.85195 0.228361 0
    endloop
  endfacet
  facet normal -0.195089 0.980786 0
    outer loop
      vertex 27.1153 6.80733 0
      vertex 26.7112 6.72695 2.4
      vertex 27.1153 6.80733 2.4
    endloop
  endfacet
  facet normal -0.195089 0.980786 0
    outer loop
      vertex 26.7112 6.72695 2.4
      vertex 27.1153 6.80733 0
      vertex 26.7112 6.72695 0
    endloop
  endfacet
  facet normal 0.0653996 0.997859 -0
    outer loop
      vertex 26.3 6.7 0
      vertex 25.8888 6.72695 2.4
      vertex 26.3 6.7 2.4
    endloop
  endfacet
  facet normal 0.0653996 0.997859 0
    outer loop
      vertex 25.8888 6.72695 2.4
      vertex 26.3 6.7 0
      vertex 25.8888 6.72695 0
    endloop
  endfacet
  facet normal -0.442333 0.896851 0
    outer loop
      vertex 27.875 7.12202 0
      vertex 27.5055 6.93978 2.4
      vertex 27.875 7.12202 2.4
    endloop
  endfacet
  facet normal -0.442333 0.896851 0
    outer loop
      vertex 27.5055 6.93978 2.4
      vertex 27.875 7.12202 0
      vertex 27.5055 6.93978 0
    endloop
  endfacet
  facet normal -0.83149 -0.55554 0
    outer loop
      vertex 29.028 11.425 0
      vertex 28.7991 11.7676 2.4
      vertex 28.7991 11.7676 0
    endloop
  endfacet
  facet normal -0.83149 -0.55554 0
    outer loop
      vertex 28.7991 11.7676 2.4
      vertex 29.028 11.425 0
      vertex 29.028 11.425 2.4
    endloop
  endfacet
  facet normal -0.896889 -0.442255 0
    outer loop
      vertex 29.2102 11.0555 0
      vertex 29.028 11.425 2.4
      vertex 29.028 11.425 0
    endloop
  endfacet
  facet normal -0.896889 -0.442255 0
    outer loop
      vertex 29.028 11.425 2.4
      vertex 29.2102 11.0555 0
      vertex 29.2102 11.0555 2.4
    endloop
  endfacet
  facet normal -0.555574 0.831467 0
    outer loop
      vertex 28.2176 7.35094 0
      vertex 27.875 7.12202 2.4
      vertex 28.2176 7.35094 2.4
    endloop
  endfacet
  facet normal -0.555574 0.831467 0
    outer loop
      vertex 27.875 7.12202 2.4
      vertex 28.2176 7.35094 0
      vertex 27.875 7.12202 0
    endloop
  endfacet
  facet normal 0.896889 -0.442255 0
    outer loop
      vertex 23.3898 11.0555 2.4
      vertex 23.572 11.425 0
      vertex 23.572 11.425 2.4
    endloop
  endfacet
  facet normal 0.896889 -0.442255 0
    outer loop
      vertex 23.572 11.425 0
      vertex 23.3898 11.0555 2.4
      vertex 23.3898 11.0555 0
    endloop
  endfacet
  facet normal -0.997851 -0.0655204 0
    outer loop
      vertex 29.45 9.85 0
      vertex 29.423 10.2612 2.4
      vertex 29.423 10.2612 0
    endloop
  endfacet
  facet normal -0.997851 -0.0655204 0
    outer loop
      vertex 29.423 10.2612 2.4
      vertex 29.45 9.85 0
      vertex 29.45 9.85 2.4
    endloop
  endfacet
  facet normal -0.0653996 0.997859 0
    outer loop
      vertex 26.7112 6.72695 0
      vertex 26.3 6.7 2.4
      vertex 26.7112 6.72695 2.4
    endloop
  endfacet
  facet normal -0.0653996 0.997859 0
    outer loop
      vertex 26.3 6.7 2.4
      vertex 26.7112 6.72695 0
      vertex 26.3 6.7 0
    endloop
  endfacet
  facet normal 0.0652788 -0.997867 0
    outer loop
      vertex 25.8888 12.9731 0
      vertex 26.3 13 2.4
      vertex 25.8888 12.9731 2.4
    endloop
  endfacet
  facet normal 0.0652788 -0.997867 0
    outer loop
      vertex 26.3 13 2.4
      vertex 25.8888 12.9731 0
      vertex 26.3 13 0
    endloop
  endfacet
  facet normal 0.946897 -0.321537 0
    outer loop
      vertex 23.2573 10.6653 2.4
      vertex 23.3898 11.0555 0
      vertex 23.3898 11.0555 2.4
    endloop
  endfacet
  facet normal 0.946897 -0.321537 0
    outer loop
      vertex 23.3898 11.0555 0
      vertex 23.2573 10.6653 2.4
      vertex 23.2573 10.6653 0
    endloop
  endfacet
  facet normal -0.442255 -0.896889 0
    outer loop
      vertex 27.5055 12.7602 0
      vertex 27.875 12.578 2.4
      vertex 27.5055 12.7602 2.4
    endloop
  endfacet
  facet normal -0.442255 -0.896889 -0
    outer loop
      vertex 27.875 12.578 2.4
      vertex 27.5055 12.7602 0
      vertex 27.875 12.578 0
    endloop
  endfacet
  facet normal 0.946889 0.321559 0
    outer loop
      vertex 23.3898 8.64455 2.4
      vertex 23.2573 9.03472 0
      vertex 23.2573 9.03472 2.4
    endloop
  endfacet
  facet normal 0.946889 0.321559 0
    outer loop
      vertex 23.2573 9.03472 0
      vertex 23.3898 8.64455 2.4
      vertex 23.3898 8.64455 0
    endloop
  endfacet
  facet normal 0.83149 0.55554 0
    outer loop
      vertex 23.8009 7.9324 2.4
      vertex 23.572 8.275 0
      vertex 23.572 8.275 2.4
    endloop
  endfacet
  facet normal 0.83149 0.55554 0
    outer loop
      vertex 23.572 8.275 0
      vertex 23.8009 7.9324 2.4
      vertex 23.8009 7.9324 0
    endloop
  endfacet
  facet normal -0.0652788 -0.997867 0
    outer loop
      vertex 26.3 13 0
      vertex 26.7112 12.9731 2.4
      vertex 26.3 13 2.4
    endloop
  endfacet
  facet normal -0.0652788 -0.997867 -0
    outer loop
      vertex 26.7112 12.9731 2.4
      vertex 26.3 13 0
      vertex 26.7112 12.9731 0
    endloop
  endfacet
  facet normal 0.997867 -0.0652788 0
    outer loop
      vertex 23.15 9.85 2.4
      vertex 23.1769 10.2612 0
      vertex 23.1769 10.2612 2.4
    endloop
  endfacet
  facet normal 0.997867 -0.0652788 0
    outer loop
      vertex 23.1769 10.2612 0
      vertex 23.15 9.85 2.4
      vertex 23.15 9.85 0
    endloop
  endfacet
  facet normal -0.195136 -0.980776 0
    outer loop
      vertex 26.7112 12.9731 0
      vertex 27.1153 12.8927 2.4
      vertex 26.7112 12.9731 2.4
    endloop
  endfacet
  facet normal -0.195136 -0.980776 -0
    outer loop
      vertex 27.1153 12.8927 2.4
      vertex 26.7112 12.9731 0
      vertex 27.1153 12.8927 0
    endloop
  endfacet
  facet normal 0.980776 -0.195136 0
    outer loop
      vertex 23.1769 10.2612 2.4
      vertex 23.2573 10.6653 0
      vertex 23.2573 10.6653 2.4
    endloop
  endfacet
  facet normal 0.980776 -0.195136 0
    outer loop
      vertex 23.2573 10.6653 0
      vertex 23.1769 10.2612 2.4
      vertex 23.1769 10.2612 0
    endloop
  endfacet
  facet normal 0.195136 -0.980776 0
    outer loop
      vertex 25.4847 12.8927 0
      vertex 25.8888 12.9731 2.4
      vertex 25.4847 12.8927 2.4
    endloop
  endfacet
  facet normal 0.195136 -0.980776 0
    outer loop
      vertex 25.8888 12.9731 2.4
      vertex 25.4847 12.8927 0
      vertex 25.8888 12.9731 0
    endloop
  endfacet
  facet normal -0.896913 0.442207 0
    outer loop
      vertex 29.028 8.275 0
      vertex 29.2102 8.64455 2.4
      vertex 29.2102 8.64455 0
    endloop
  endfacet
  facet normal -0.896913 0.442207 0
    outer loop
      vertex 29.2102 8.64455 2.4
      vertex 29.028 8.275 0
      vertex 29.028 8.275 2.4
    endloop
  endfacet
  facet normal -0.321428 0.946934 0
    outer loop
      vertex 27.5055 6.93978 0
      vertex 27.1153 6.80733 2.4
      vertex 27.5055 6.93978 2.4
    endloop
  endfacet
  facet normal -0.321428 0.946934 0
    outer loop
      vertex 27.1153 6.80733 2.4
      vertex 27.5055 6.93978 0
      vertex 27.1153 6.80733 0
    endloop
  endfacet
  facet normal 0.659363 -0.751825 0
    outer loop
      vertex 24.0726 12.0774 0
      vertex 24.3824 12.3491 2.4
      vertex 24.0726 12.0774 2.4
    endloop
  endfacet
  facet normal 0.659363 -0.751825 0
    outer loop
      vertex 24.3824 12.3491 2.4
      vertex 24.0726 12.0774 0
      vertex 24.3824 12.3491 0
    endloop
  endfacet
  facet normal 0.896913 0.442207 0
    outer loop
      vertex 23.572 8.275 2.4
      vertex 23.3898 8.64455 0
      vertex 23.3898 8.64455 2.4
    endloop
  endfacet
  facet normal 0.896913 0.442207 0
    outer loop
      vertex 23.3898 8.64455 0
      vertex 23.572 8.275 2.4
      vertex 23.572 8.275 0
    endloop
  endfacet
  facet normal -0.946897 -0.321537 0
    outer loop
      vertex 29.3427 10.6653 0
      vertex 29.2102 11.0555 2.4
      vertex 29.2102 11.0555 0
    endloop
  endfacet
  facet normal -0.946897 -0.321537 0
    outer loop
      vertex 29.2102 11.0555 2.4
      vertex 29.3427 10.6653 0
      vertex 29.3427 10.6653 2.4
    endloop
  endfacet
  facet normal -0.55554 -0.83149 0
    outer loop
      vertex 27.875 12.578 0
      vertex 28.2176 12.3491 2.4
      vertex 27.875 12.578 2.4
    endloop
  endfacet
  facet normal -0.55554 -0.83149 -0
    outer loop
      vertex 28.2176 12.3491 2.4
      vertex 27.875 12.578 0
      vertex 28.2176 12.3491 0
    endloop
  endfacet
  facet normal -0.997851 0.0655267 0
    outer loop
      vertex 29.423 9.43884 0
      vertex 29.45 9.85 2.4
      vertex 29.45 9.85 0
    endloop
  endfacet
  facet normal -0.997851 0.0655267 0
    outer loop
      vertex 29.45 9.85 2.4
      vertex 29.423 9.43884 0
      vertex 29.423 9.43884 2.4
    endloop
  endfacet
  facet normal -0.980823 -0.194902 0
    outer loop
      vertex 29.423 10.2612 0
      vertex 29.3427 10.6653 2.4
      vertex 29.3427 10.6653 0
    endloop
  endfacet
  facet normal -0.980823 -0.194902 0
    outer loop
      vertex 29.3427 10.6653 2.4
      vertex 29.423 10.2612 0
      vertex 29.423 10.2612 2.4
    endloop
  endfacet
  facet normal -0.751814 0.659375 0
    outer loop
      vertex 28.5274 7.62261 0
      vertex 28.7991 7.9324 2.4
      vertex 28.7991 7.9324 0
    endloop
  endfacet
  facet normal -0.751814 0.659375 0
    outer loop
      vertex 28.7991 7.9324 2.4
      vertex 28.5274 7.62261 0
      vertex 28.5274 7.62261 2.4
    endloop
  endfacet
  facet normal 0.442255 -0.896889 0
    outer loop
      vertex 24.725 12.578 0
      vertex 25.0945 12.7602 2.4
      vertex 24.725 12.578 2.4
    endloop
  endfacet
  facet normal 0.442255 -0.896889 0
    outer loop
      vertex 25.0945 12.7602 2.4
      vertex 24.725 12.578 0
      vertex 25.0945 12.7602 0
    endloop
  endfacet
  facet normal -0.321537 -0.946897 0
    outer loop
      vertex 27.1153 12.8927 0
      vertex 27.5055 12.7602 2.4
      vertex 27.1153 12.8927 2.4
    endloop
  endfacet
  facet normal -0.321537 -0.946897 -0
    outer loop
      vertex 27.5055 12.7602 2.4
      vertex 27.1153 12.8927 0
      vertex 27.5055 12.7602 0
    endloop
  endfacet
  facet normal 0.980778 0.195127 0
    outer loop
      vertex 23.2573 9.03472 2.4
      vertex 23.1769 9.43884 0
      vertex 23.1769 9.43884 2.4
    endloop
  endfacet
  facet normal 0.980778 0.195127 0
    outer loop
      vertex 23.1769 9.43884 0
      vertex 23.2573 9.03472 2.4
      vertex 23.2573 9.03472 0
    endloop
  endfacet
  facet normal -0.659363 -0.751825 0
    outer loop
      vertex 28.2176 12.3491 0
      vertex 28.5274 12.0774 2.4
      vertex 28.2176 12.3491 2.4
    endloop
  endfacet
  facet normal -0.659363 -0.751825 -0
    outer loop
      vertex 28.5274 12.0774 2.4
      vertex 28.2176 12.3491 0
      vertex 28.5274 12.0774 0
    endloop
  endfacet
  facet normal -0.751825 -0.659363 0
    outer loop
      vertex 28.7991 11.7676 0
      vertex 28.5274 12.0774 2.4
      vertex 28.5274 12.0774 0
    endloop
  endfacet
  facet normal -0.751825 -0.659363 0
    outer loop
      vertex 28.5274 12.0774 2.4
      vertex 28.7991 11.7676 0
      vertex 28.7991 11.7676 2.4
    endloop
  endfacet
  facet normal 0.321537 -0.946897 0
    outer loop
      vertex 25.0945 12.7602 0
      vertex 25.4847 12.8927 2.4
      vertex 25.0945 12.7602 2.4
    endloop
  endfacet
  facet normal 0.321537 -0.946897 0
    outer loop
      vertex 25.4847 12.8927 2.4
      vertex 25.0945 12.7602 0
      vertex 25.4847 12.8927 0
    endloop
  endfacet
  facet normal 0.751814 0.659375 0
    outer loop
      vertex 24.0726 7.62261 2.4
      vertex 23.8009 7.9324 0
      vertex 23.8009 7.9324 2.4
    endloop
  endfacet
  facet normal 0.751814 0.659375 0
    outer loop
      vertex 23.8009 7.9324 0
      vertex 24.0726 7.62261 2.4
      vertex 24.0726 7.62261 0
    endloop
  endfacet
  facet normal 0.321428 0.946934 -0
    outer loop
      vertex 25.4847 6.80733 0
      vertex 25.0945 6.93978 2.4
      vertex 25.4847 6.80733 2.4
    endloop
  endfacet
  facet normal 0.321428 0.946934 0
    outer loop
      vertex 25.0945 6.93978 2.4
      vertex 25.4847 6.80733 0
      vertex 25.0945 6.93978 0
    endloop
  endfacet
  facet normal -0.980824 0.194893 0
    outer loop
      vertex 29.3427 9.03472 0
      vertex 29.423 9.43884 2.4
      vertex 29.423 9.43884 0
    endloop
  endfacet
  facet normal -0.980824 0.194893 0
    outer loop
      vertex 29.423 9.43884 2.4
      vertex 29.3427 9.03472 0
      vertex 29.3427 9.03472 2.4
    endloop
  endfacet
  facet normal 0.55554 -0.83149 0
    outer loop
      vertex 24.3824 12.3491 0
      vertex 24.725 12.578 2.4
      vertex 24.3824 12.3491 2.4
    endloop
  endfacet
  facet normal 0.55554 -0.83149 0
    outer loop
      vertex 24.725 12.578 2.4
      vertex 24.3824 12.3491 0
      vertex 24.725 12.578 0
    endloop
  endfacet
  facet normal 0.442333 0.896851 -0
    outer loop
      vertex 25.0945 6.93978 0
      vertex 24.725 7.12202 2.4
      vertex 25.0945 6.93978 2.4
    endloop
  endfacet
  facet normal 0.442333 0.896851 0
    outer loop
      vertex 24.725 7.12202 2.4
      vertex 25.0945 6.93978 0
      vertex 24.725 7.12202 0
    endloop
  endfacet
  facet normal -0.83149 0.55554 0
    outer loop
      vertex 28.7991 7.9324 0
      vertex 29.028 8.275 2.4
      vertex 29.028 8.275 0
    endloop
  endfacet
  facet normal -0.83149 0.55554 0
    outer loop
      vertex 29.028 8.275 2.4
      vertex 28.7991 7.9324 0
      vertex 28.7991 7.9324 2.4
    endloop
  endfacet
  facet normal -0.659322 0.751861 0
    outer loop
      vertex 28.5274 7.62261 0
      vertex 28.2176 7.35094 2.4
      vertex 28.5274 7.62261 2.4
    endloop
  endfacet
  facet normal -0.659322 0.751861 0
    outer loop
      vertex 28.2176 7.35094 2.4
      vertex 28.5274 7.62261 0
      vertex 28.2176 7.35094 0
    endloop
  endfacet
  facet normal -0.946889 0.321559 0
    outer loop
      vertex 29.2102 8.64455 0
      vertex 29.3427 9.03472 2.4
      vertex 29.3427 9.03472 0
    endloop
  endfacet
  facet normal -0.946889 0.321559 0
    outer loop
      vertex 29.3427 9.03472 2.4
      vertex 29.2102 8.64455 0
      vertex 29.2102 8.64455 2.4
    endloop
  endfacet
  facet normal 0.997867 0.0652851 0
    outer loop
      vertex 23.1769 9.43884 2.4
      vertex 23.15 9.85 0
      vertex 23.15 9.85 2.4
    endloop
  endfacet
  facet normal 0.997867 0.0652851 0
    outer loop
      vertex 23.15 9.85 0
      vertex 23.1769 9.43884 2.4
      vertex 23.1769 9.43884 0
    endloop
  endfacet
  facet normal 0.659322 0.751861 -0
    outer loop
      vertex 24.3824 7.35094 0
      vertex 24.0726 7.62261 2.4
      vertex 24.3824 7.35094 2.4
    endloop
  endfacet
  facet normal 0.659322 0.751861 0
    outer loop
      vertex 24.0726 7.62261 2.4
      vertex 24.3824 7.35094 0
      vertex 24.0726 7.62261 0
    endloop
  endfacet
  facet normal 0.83149 -0.55554 0
    outer loop
      vertex 23.572 11.425 2.4
      vertex 23.8009 11.7676 0
      vertex 23.8009 11.7676 2.4
    endloop
  endfacet
  facet normal 0.83149 -0.55554 0
    outer loop
      vertex 23.8009 11.7676 0
      vertex 23.572 11.425 2.4
      vertex 23.572 11.425 0
    endloop
  endfacet
  facet normal 0.195089 0.980786 -0
    outer loop
      vertex 25.8888 6.72695 0
      vertex 25.4847 6.80733 2.4
      vertex 25.8888 6.72695 2.4
    endloop
  endfacet
  facet normal 0.195089 0.980786 0
    outer loop
      vertex 25.4847 6.80733 2.4
      vertex 25.8888 6.72695 0
      vertex 25.4847 6.80733 0
    endloop
  endfacet
  facet normal 0.751825 -0.659363 0
    outer loop
      vertex 23.8009 11.7676 2.4
      vertex 24.0726 12.0774 0
      vertex 24.0726 12.0774 2.4
    endloop
  endfacet
  facet normal 0.751825 -0.659363 0
    outer loop
      vertex 24.0726 12.0774 0
      vertex 23.8009 11.7676 2.4
      vertex 23.8009 11.7676 0
    endloop
  endfacet
  facet normal 0.555574 0.831467 -0
    outer loop
      vertex 24.725 7.12202 0
      vertex 24.3824 7.35094 2.4
      vertex 24.725 7.12202 2.4
    endloop
  endfacet
  facet normal 0.555574 0.831467 0
    outer loop
      vertex 24.3824 7.35094 2.4
      vertex 24.725 7.12202 0
      vertex 24.3824 7.35094 0
    endloop
  endfacet
  facet normal -0.321428 0.946934 0
    outer loop
      vertex 40.5055 6.93978 0
      vertex 40.1153 6.80733 2.4
      vertex 40.5055 6.93978 2.4
    endloop
  endfacet
  facet normal -0.321428 0.946934 0
    outer loop
      vertex 40.1153 6.80733 2.4
      vertex 40.5055 6.93978 0
      vertex 40.1153 6.80733 0
    endloop
  endfacet
  facet normal -0.980823 -0.194902 0
    outer loop
      vertex 42.423 10.2612 0
      vertex 42.3427 10.6653 2.4
      vertex 42.3427 10.6653 0
    endloop
  endfacet
  facet normal -0.980823 -0.194902 0
    outer loop
      vertex 42.3427 10.6653 2.4
      vertex 42.423 10.2612 0
      vertex 42.423 10.2612 2.4
    endloop
  endfacet
  facet normal -0.997851 -0.0655204 0
    outer loop
      vertex 42.45 9.85 0
      vertex 42.423 10.2612 2.4
      vertex 42.423 10.2612 0
    endloop
  endfacet
  facet normal -0.997851 -0.0655204 0
    outer loop
      vertex 42.423 10.2612 2.4
      vertex 42.45 9.85 0
      vertex 42.45 9.85 2.4
    endloop
  endfacet
  facet normal -0.946897 -0.321537 0
    outer loop
      vertex 42.3427 10.6653 0
      vertex 42.2102 11.0555 2.4
      vertex 42.2102 11.0555 0
    endloop
  endfacet
  facet normal -0.946897 -0.321537 0
    outer loop
      vertex 42.2102 11.0555 2.4
      vertex 42.3427 10.6653 0
      vertex 42.3427 10.6653 2.4
    endloop
  endfacet
  facet normal 0.195136 -0.980776 0
    outer loop
      vertex 38.4847 12.8927 0
      vertex 38.8888 12.9731 2.4
      vertex 38.4847 12.8927 2.4
    endloop
  endfacet
  facet normal 0.195136 -0.980776 0
    outer loop
      vertex 38.8888 12.9731 2.4
      vertex 38.4847 12.8927 0
      vertex 38.8888 12.9731 0
    endloop
  endfacet
  facet normal -0.997851 0.0655267 0
    outer loop
      vertex 42.423 9.43884 0
      vertex 42.45 9.85 2.4
      vertex 42.45 9.85 0
    endloop
  endfacet
  facet normal -0.997851 0.0655267 0
    outer loop
      vertex 42.45 9.85 2.4
      vertex 42.423 9.43884 0
      vertex 42.423 9.43884 2.4
    endloop
  endfacet
  facet normal 0.321537 -0.946897 0
    outer loop
      vertex 38.0945 12.7602 0
      vertex 38.4847 12.8927 2.4
      vertex 38.0945 12.7602 2.4
    endloop
  endfacet
  facet normal 0.321537 -0.946897 0
    outer loop
      vertex 38.4847 12.8927 2.4
      vertex 38.0945 12.7602 0
      vertex 38.4847 12.8927 0
    endloop
  endfacet
  facet normal -0.321537 -0.946897 0
    outer loop
      vertex 40.1153 12.8927 0
      vertex 40.5055 12.7602 2.4
      vertex 40.1153 12.8927 2.4
    endloop
  endfacet
  facet normal -0.321537 -0.946897 -0
    outer loop
      vertex 40.5055 12.7602 2.4
      vertex 40.1153 12.8927 0
      vertex 40.5055 12.7602 0
    endloop
  endfacet
  facet normal -0.83149 -0.55554 0
    outer loop
      vertex 42.028 11.425 0
      vertex 41.7991 11.7676 2.4
      vertex 41.7991 11.7676 0
    endloop
  endfacet
  facet normal -0.83149 -0.55554 0
    outer loop
      vertex 41.7991 11.7676 2.4
      vertex 42.028 11.425 0
      vertex 42.028 11.425 2.4
    endloop
  endfacet
  facet normal -0.896889 -0.442255 0
    outer loop
      vertex 42.2102 11.0555 0
      vertex 42.028 11.425 2.4
      vertex 42.028 11.425 0
    endloop
  endfacet
  facet normal -0.896889 -0.442255 0
    outer loop
      vertex 42.028 11.425 2.4
      vertex 42.2102 11.0555 0
      vertex 42.2102 11.0555 2.4
    endloop
  endfacet
  facet normal -0.555574 0.831467 0
    outer loop
      vertex 41.2176 7.35094 0
      vertex 40.875 7.12202 2.4
      vertex 41.2176 7.35094 2.4
    endloop
  endfacet
  facet normal -0.555574 0.831467 0
    outer loop
      vertex 40.875 7.12202 2.4
      vertex 41.2176 7.35094 0
      vertex 40.875 7.12202 0
    endloop
  endfacet
  facet normal 0.442333 0.896851 -0
    outer loop
      vertex 38.0945 6.93978 0
      vertex 37.725 7.12202 2.4
      vertex 38.0945 6.93978 2.4
    endloop
  endfacet
  facet normal 0.442333 0.896851 0
    outer loop
      vertex 37.725 7.12202 2.4
      vertex 38.0945 6.93978 0
      vertex 37.725 7.12202 0
    endloop
  endfacet
  facet normal 0.659363 -0.751825 0
    outer loop
      vertex 37.0726 12.0774 0
      vertex 37.3824 12.3491 2.4
      vertex 37.0726 12.0774 2.4
    endloop
  endfacet
  facet normal 0.659363 -0.751825 0
    outer loop
      vertex 37.3824 12.3491 2.4
      vertex 37.0726 12.0774 0
      vertex 37.3824 12.3491 0
    endloop
  endfacet
  facet normal -0.946889 0.321559 0
    outer loop
      vertex 42.2102 8.64455 0
      vertex 42.3427 9.03472 2.4
      vertex 42.3427 9.03472 0
    endloop
  endfacet
  facet normal -0.946889 0.321559 0
    outer loop
      vertex 42.3427 9.03472 2.4
      vertex 42.2102 8.64455 0
      vertex 42.2102 8.64455 2.4
    endloop
  endfacet
  facet normal -0.55554 -0.83149 0
    outer loop
      vertex 40.875 12.578 0
      vertex 41.2176 12.3491 2.4
      vertex 40.875 12.578 2.4
    endloop
  endfacet
  facet normal -0.55554 -0.83149 -0
    outer loop
      vertex 41.2176 12.3491 2.4
      vertex 40.875 12.578 0
      vertex 41.2176 12.3491 0
    endloop
  endfacet
  facet normal -0.659322 0.751861 0
    outer loop
      vertex 41.5274 7.62261 0
      vertex 41.2176 7.35094 2.4
      vertex 41.5274 7.62261 2.4
    endloop
  endfacet
  facet normal -0.659322 0.751861 0
    outer loop
      vertex 41.2176 7.35094 2.4
      vertex 41.5274 7.62261 0
      vertex 41.2176 7.35094 0
    endloop
  endfacet
  facet normal 0.980778 0.195127 0
    outer loop
      vertex 36.2573 9.03472 2.4
      vertex 36.1769 9.43884 0
      vertex 36.1769 9.43884 2.4
    endloop
  endfacet
  facet normal 0.980778 0.195127 0
    outer loop
      vertex 36.1769 9.43884 0
      vertex 36.2573 9.03472 2.4
      vertex 36.2573 9.03472 0
    endloop
  endfacet
  facet normal -0.659363 -0.751825 0
    outer loop
      vertex 41.2176 12.3491 0
      vertex 41.5274 12.0774 2.4
      vertex 41.2176 12.3491 2.4
    endloop
  endfacet
  facet normal -0.659363 -0.751825 -0
    outer loop
      vertex 41.5274 12.0774 2.4
      vertex 41.2176 12.3491 0
      vertex 41.5274 12.0774 0
    endloop
  endfacet
  facet normal 0.997867 0.0652851 0
    outer loop
      vertex 36.1769 9.43884 2.4
      vertex 36.15 9.85 0
      vertex 36.15 9.85 2.4
    endloop
  endfacet
  facet normal 0.997867 0.0652851 0
    outer loop
      vertex 36.15 9.85 0
      vertex 36.1769 9.43884 2.4
      vertex 36.1769 9.43884 0
    endloop
  endfacet
  facet normal 0.55554 -0.83149 0
    outer loop
      vertex 37.3824 12.3491 0
      vertex 37.725 12.578 2.4
      vertex 37.3824 12.3491 2.4
    endloop
  endfacet
  facet normal 0.55554 -0.83149 0
    outer loop
      vertex 37.725 12.578 2.4
      vertex 37.3824 12.3491 0
      vertex 37.725 12.578 0
    endloop
  endfacet
  facet normal -0.896913 0.442207 0
    outer loop
      vertex 42.028 8.275 0
      vertex 42.2102 8.64455 2.4
      vertex 42.2102 8.64455 0
    endloop
  endfacet
  facet normal -0.896913 0.442207 0
    outer loop
      vertex 42.2102 8.64455 2.4
      vertex 42.028 8.275 0
      vertex 42.028 8.275 2.4
    endloop
  endfacet
  facet normal -0.195089 0.980786 0
    outer loop
      vertex 40.1153 6.80733 0
      vertex 39.7112 6.72695 2.4
      vertex 40.1153 6.80733 2.4
    endloop
  endfacet
  facet normal -0.195089 0.980786 0
    outer loop
      vertex 39.7112 6.72695 2.4
      vertex 40.1153 6.80733 0
      vertex 39.7112 6.72695 0
    endloop
  endfacet
  facet normal -0.83149 0.55554 0
    outer loop
      vertex 41.7991 7.9324 0
      vertex 42.028 8.275 2.4
      vertex 42.028 8.275 0
    endloop
  endfacet
  facet normal -0.83149 0.55554 0
    outer loop
      vertex 42.028 8.275 2.4
      vertex 41.7991 7.9324 0
      vertex 41.7991 7.9324 2.4
    endloop
  endfacet
  facet normal 0.997867 -0.0652788 0
    outer loop
      vertex 36.15 9.85 2.4
      vertex 36.1769 10.2612 0
      vertex 36.1769 10.2612 2.4
    endloop
  endfacet
  facet normal 0.997867 -0.0652788 0
    outer loop
      vertex 36.1769 10.2612 0
      vertex 36.15 9.85 2.4
      vertex 36.15 9.85 0
    endloop
  endfacet
  facet normal 0.442255 -0.896889 0
    outer loop
      vertex 37.725 12.578 0
      vertex 38.0945 12.7602 2.4
      vertex 37.725 12.578 2.4
    endloop
  endfacet
  facet normal 0.442255 -0.896889 0
    outer loop
      vertex 38.0945 12.7602 2.4
      vertex 37.725 12.578 0
      vertex 38.0945 12.7602 0
    endloop
  endfacet
  facet normal -0.195136 -0.980776 0
    outer loop
      vertex 39.7112 12.9731 0
      vertex 40.1153 12.8927 2.4
      vertex 39.7112 12.9731 2.4
    endloop
  endfacet
  facet normal -0.195136 -0.980776 -0
    outer loop
      vertex 40.1153 12.8927 2.4
      vertex 39.7112 12.9731 0
      vertex 40.1153 12.8927 0
    endloop
  endfacet
  facet normal 0.0652788 -0.997867 0
    outer loop
      vertex 38.8888 12.9731 0
      vertex 39.3 13 2.4
      vertex 38.8888 12.9731 2.4
    endloop
  endfacet
  facet normal 0.0652788 -0.997867 0
    outer loop
      vertex 39.3 13 2.4
      vertex 38.8888 12.9731 0
      vertex 39.3 13 0
    endloop
  endfacet
  facet normal -0.442255 -0.896889 0
    outer loop
      vertex 40.5055 12.7602 0
      vertex 40.875 12.578 2.4
      vertex 40.5055 12.7602 2.4
    endloop
  endfacet
  facet normal -0.442255 -0.896889 -0
    outer loop
      vertex 40.875 12.578 2.4
      vertex 40.5055 12.7602 0
      vertex 40.875 12.578 0
    endloop
  endfacet
  facet normal 0.946889 0.321559 0
    outer loop
      vertex 36.3898 8.64455 2.4
      vertex 36.2573 9.03472 0
      vertex 36.2573 9.03472 2.4
    endloop
  endfacet
  facet normal 0.946889 0.321559 0
    outer loop
      vertex 36.2573 9.03472 0
      vertex 36.3898 8.64455 2.4
      vertex 36.3898 8.64455 0
    endloop
  endfacet
  facet normal -0.442333 0.896851 0
    outer loop
      vertex 40.875 7.12202 0
      vertex 40.5055 6.93978 2.4
      vertex 40.875 7.12202 2.4
    endloop
  endfacet
  facet normal -0.442333 0.896851 0
    outer loop
      vertex 40.5055 6.93978 2.4
      vertex 40.875 7.12202 0
      vertex 40.5055 6.93978 0
    endloop
  endfacet
  facet normal 0.83149 -0.55554 0
    outer loop
      vertex 36.572 11.425 2.4
      vertex 36.8009 11.7676 0
      vertex 36.8009 11.7676 2.4
    endloop
  endfacet
  facet normal 0.83149 -0.55554 0
    outer loop
      vertex 36.8009 11.7676 0
      vertex 36.572 11.425 2.4
      vertex 36.572 11.425 0
    endloop
  endfacet
  facet normal 0.896889 -0.442255 0
    outer loop
      vertex 36.3898 11.0555 2.4
      vertex 36.572 11.425 0
      vertex 36.572 11.425 2.4
    endloop
  endfacet
  facet normal 0.896889 -0.442255 0
    outer loop
      vertex 36.572 11.425 0
      vertex 36.3898 11.0555 2.4
      vertex 36.3898 11.0555 0
    endloop
  endfacet
  facet normal 0.83149 0.55554 0
    outer loop
      vertex 36.8009 7.9324 2.4
      vertex 36.572 8.275 0
      vertex 36.572 8.275 2.4
    endloop
  endfacet
  facet normal 0.83149 0.55554 0
    outer loop
      vertex 36.572 8.275 0
      vertex 36.8009 7.9324 2.4
      vertex 36.8009 7.9324 0
    endloop
  endfacet
  facet normal 0.896913 0.442207 0
    outer loop
      vertex 36.572 8.275 2.4
      vertex 36.3898 8.64455 0
      vertex 36.3898 8.64455 2.4
    endloop
  endfacet
  facet normal 0.896913 0.442207 0
    outer loop
      vertex 36.3898 8.64455 0
      vertex 36.572 8.275 2.4
      vertex 36.572 8.275 0
    endloop
  endfacet
  facet normal -0.980824 0.194893 0
    outer loop
      vertex 42.3427 9.03472 0
      vertex 42.423 9.43884 2.4
      vertex 42.423 9.43884 0
    endloop
  endfacet
  facet normal -0.980824 0.194893 0
    outer loop
      vertex 42.423 9.43884 2.4
      vertex 42.3427 9.03472 0
      vertex 42.3427 9.03472 2.4
    endloop
  endfacet
  facet normal 0.946897 -0.321537 0
    outer loop
      vertex 36.2573 10.6653 2.4
      vertex 36.3898 11.0555 0
      vertex 36.3898 11.0555 2.4
    endloop
  endfacet
  facet normal 0.946897 -0.321537 0
    outer loop
      vertex 36.3898 11.0555 0
      vertex 36.2573 10.6653 2.4
      vertex 36.2573 10.6653 0
    endloop
  endfacet
  facet normal -0.0652788 -0.997867 0
    outer loop
      vertex 39.3 13 0
      vertex 39.7112 12.9731 2.4
      vertex 39.3 13 2.4
    endloop
  endfacet
  facet normal -0.0652788 -0.997867 -0
    outer loop
      vertex 39.7112 12.9731 2.4
      vertex 39.3 13 0
      vertex 39.7112 12.9731 0
    endloop
  endfacet
  facet normal -0.751814 0.659375 0
    outer loop
      vertex 41.5274 7.62261 0
      vertex 41.7991 7.9324 2.4
      vertex 41.7991 7.9324 0
    endloop
  endfacet
  facet normal -0.751814 0.659375 0
    outer loop
      vertex 41.7991 7.9324 2.4
      vertex 41.5274 7.62261 0
      vertex 41.5274 7.62261 2.4
    endloop
  endfacet
  facet normal 0.751814 0.659375 0
    outer loop
      vertex 37.0726 7.62261 2.4
      vertex 36.8009 7.9324 0
      vertex 36.8009 7.9324 2.4
    endloop
  endfacet
  facet normal 0.751814 0.659375 0
    outer loop
      vertex 36.8009 7.9324 0
      vertex 37.0726 7.62261 2.4
      vertex 37.0726 7.62261 0
    endloop
  endfacet
  facet normal 0.195089 0.980786 -0
    outer loop
      vertex 38.8888 6.72695 0
      vertex 38.4847 6.80733 2.4
      vertex 38.8888 6.72695 2.4
    endloop
  endfacet
  facet normal 0.195089 0.980786 0
    outer loop
      vertex 38.4847 6.80733 2.4
      vertex 38.8888 6.72695 0
      vertex 38.4847 6.80733 0
    endloop
  endfacet
  facet normal 0.555574 0.831467 -0
    outer loop
      vertex 37.725 7.12202 0
      vertex 37.3824 7.35094 2.4
      vertex 37.725 7.12202 2.4
    endloop
  endfacet
  facet normal 0.555574 0.831467 0
    outer loop
      vertex 37.3824 7.35094 2.4
      vertex 37.725 7.12202 0
      vertex 37.3824 7.35094 0
    endloop
  endfacet
  facet normal 0.0653996 0.997859 -0
    outer loop
      vertex 39.3 6.7 0
      vertex 38.8888 6.72695 2.4
      vertex 39.3 6.7 2.4
    endloop
  endfacet
  facet normal 0.0653996 0.997859 0
    outer loop
      vertex 38.8888 6.72695 2.4
      vertex 39.3 6.7 0
      vertex 38.8888 6.72695 0
    endloop
  endfacet
  facet normal 0.321428 0.946934 -0
    outer loop
      vertex 38.4847 6.80733 0
      vertex 38.0945 6.93978 2.4
      vertex 38.4847 6.80733 2.4
    endloop
  endfacet
  facet normal 0.321428 0.946934 0
    outer loop
      vertex 38.0945 6.93978 2.4
      vertex 38.4847 6.80733 0
      vertex 38.0945 6.93978 0
    endloop
  endfacet
  facet normal -0.0653996 0.997859 0
    outer loop
      vertex 39.7112 6.72695 0
      vertex 39.3 6.7 2.4
      vertex 39.7112 6.72695 2.4
    endloop
  endfacet
  facet normal -0.0653996 0.997859 0
    outer loop
      vertex 39.3 6.7 2.4
      vertex 39.7112 6.72695 0
      vertex 39.3 6.7 0
    endloop
  endfacet
  facet normal -0.751825 -0.659363 0
    outer loop
      vertex 41.7991 11.7676 0
      vertex 41.5274 12.0774 2.4
      vertex 41.5274 12.0774 0
    endloop
  endfacet
  facet normal -0.751825 -0.659363 0
    outer loop
      vertex 41.5274 12.0774 2.4
      vertex 41.7991 11.7676 0
      vertex 41.7991 11.7676 2.4
    endloop
  endfacet
  facet normal 0.980776 -0.195136 0
    outer loop
      vertex 36.1769 10.2612 2.4
      vertex 36.2573 10.6653 0
      vertex 36.2573 10.6653 2.4
    endloop
  endfacet
  facet normal 0.980776 -0.195136 0
    outer loop
      vertex 36.2573 10.6653 0
      vertex 36.1769 10.2612 2.4
      vertex 36.1769 10.2612 0
    endloop
  endfacet
  facet normal 0.659322 0.751861 -0
    outer loop
      vertex 37.3824 7.35094 0
      vertex 37.0726 7.62261 2.4
      vertex 37.3824 7.35094 2.4
    endloop
  endfacet
  facet normal 0.659322 0.751861 0
    outer loop
      vertex 37.0726 7.62261 2.4
      vertex 37.3824 7.35094 0
      vertex 37.0726 7.62261 0
    endloop
  endfacet
  facet normal 0.751825 -0.659363 0
    outer loop
      vertex 36.8009 11.7676 2.4
      vertex 37.0726 12.0774 0
      vertex 37.0726 12.0774 2.4
    endloop
  endfacet
  facet normal 0.751825 -0.659363 0
    outer loop
      vertex 37.0726 12.0774 0
      vertex 36.8009 11.7676 2.4
      vertex 36.8009 11.7676 0
    endloop
  endfacet
  facet normal -0.321428 0.946934 0
    outer loop
      vertex 53.5055 6.93978 0
      vertex 53.1153 6.80733 2.4
      vertex 53.5055 6.93978 2.4
    endloop
  endfacet
  facet normal -0.321428 0.946934 0
    outer loop
      vertex 53.1153 6.80733 2.4
      vertex 53.5055 6.93978 0
      vertex 53.1153 6.80733 0
    endloop
  endfacet
  facet normal -0.980823 -0.194902 0
    outer loop
      vertex 55.423 10.2612 0
      vertex 55.3427 10.6653 2.4
      vertex 55.3427 10.6653 0
    endloop
  endfacet
  facet normal -0.980823 -0.194902 0
    outer loop
      vertex 55.3427 10.6653 2.4
      vertex 55.423 10.2612 0
      vertex 55.423 10.2612 2.4
    endloop
  endfacet
  facet normal -0.997851 -0.0655204 0
    outer loop
      vertex 55.45 9.85 0
      vertex 55.423 10.2612 2.4
      vertex 55.423 10.2612 0
    endloop
  endfacet
  facet normal -0.997851 -0.0655204 0
    outer loop
      vertex 55.423 10.2612 2.4
      vertex 55.45 9.85 0
      vertex 55.45 9.85 2.4
    endloop
  endfacet
  facet normal -0.946897 -0.321537 0
    outer loop
      vertex 55.3427 10.6653 0
      vertex 55.2102 11.0555 2.4
      vertex 55.2102 11.0555 0
    endloop
  endfacet
  facet normal -0.946897 -0.321537 0
    outer loop
      vertex 55.2102 11.0555 2.4
      vertex 55.3427 10.6653 0
      vertex 55.3427 10.6653 2.4
    endloop
  endfacet
  facet normal 0.195136 -0.980776 0
    outer loop
      vertex 51.4847 12.8927 0
      vertex 51.8888 12.9731 2.4
      vertex 51.4847 12.8927 2.4
    endloop
  endfacet
  facet normal 0.195136 -0.980776 0
    outer loop
      vertex 51.8888 12.9731 2.4
      vertex 51.4847 12.8927 0
      vertex 51.8888 12.9731 0
    endloop
  endfacet
  facet normal -0.997851 0.0655267 0
    outer loop
      vertex 55.423 9.43884 0
      vertex 55.45 9.85 2.4
      vertex 55.45 9.85 0
    endloop
  endfacet
  facet normal -0.997851 0.0655267 0
    outer loop
      vertex 55.45 9.85 2.4
      vertex 55.423 9.43884 0
      vertex 55.423 9.43884 2.4
    endloop
  endfacet
  facet normal 0.321537 -0.946897 0
    outer loop
      vertex 51.0945 12.7602 0
      vertex 51.4847 12.8927 2.4
      vertex 51.0945 12.7602 2.4
    endloop
  endfacet
  facet normal 0.321537 -0.946897 0
    outer loop
      vertex 51.4847 12.8927 2.4
      vertex 51.0945 12.7602 0
      vertex 51.4847 12.8927 0
    endloop
  endfacet
  facet normal -0.321537 -0.946897 0
    outer loop
      vertex 53.1153 12.8927 0
      vertex 53.5055 12.7602 2.4
      vertex 53.1153 12.8927 2.4
    endloop
  endfacet
  facet normal -0.321537 -0.946897 -0
    outer loop
      vertex 53.5055 12.7602 2.4
      vertex 53.1153 12.8927 0
      vertex 53.5055 12.7602 0
    endloop
  endfacet
  facet normal -0.83149 -0.55554 0
    outer loop
      vertex 55.028 11.425 0
      vertex 54.7991 11.7676 2.4
      vertex 54.7991 11.7676 0
    endloop
  endfacet
  facet normal -0.83149 -0.55554 0
    outer loop
      vertex 54.7991 11.7676 2.4
      vertex 55.028 11.425 0
      vertex 55.028 11.425 2.4
    endloop
  endfacet
  facet normal -0.896889 -0.442255 0
    outer loop
      vertex 55.2102 11.0555 0
      vertex 55.028 11.425 2.4
      vertex 55.028 11.425 0
    endloop
  endfacet
  facet normal -0.896889 -0.442255 0
    outer loop
      vertex 55.028 11.425 2.4
      vertex 55.2102 11.0555 0
      vertex 55.2102 11.0555 2.4
    endloop
  endfacet
  facet normal -0.555574 0.831467 0
    outer loop
      vertex 54.2176 7.35094 0
      vertex 53.875 7.12202 2.4
      vertex 54.2176 7.35094 2.4
    endloop
  endfacet
  facet normal -0.555574 0.831467 0
    outer loop
      vertex 53.875 7.12202 2.4
      vertex 54.2176 7.35094 0
      vertex 53.875 7.12202 0
    endloop
  endfacet
  facet normal 0.442333 0.896851 -0
    outer loop
      vertex 51.0945 6.93978 0
      vertex 50.725 7.12202 2.4
      vertex 51.0945 6.93978 2.4
    endloop
  endfacet
  facet normal 0.442333 0.896851 0
    outer loop
      vertex 50.725 7.12202 2.4
      vertex 51.0945 6.93978 0
      vertex 50.725 7.12202 0
    endloop
  endfacet
  facet normal -0.751814 0.659375 0
    outer loop
      vertex 54.5274 7.62261 0
      vertex 54.7991 7.9324 2.4
      vertex 54.7991 7.9324 0
    endloop
  endfacet
  facet normal -0.751814 0.659375 0
    outer loop
      vertex 54.7991 7.9324 2.4
      vertex 54.5274 7.62261 0
      vertex 54.5274 7.62261 2.4
    endloop
  endfacet
  facet normal 0.659363 -0.751825 0
    outer loop
      vertex 50.0726 12.0774 0
      vertex 50.3824 12.3491 2.4
      vertex 50.0726 12.0774 2.4
    endloop
  endfacet
  facet normal 0.659363 -0.751825 0
    outer loop
      vertex 50.3824 12.3491 2.4
      vertex 50.0726 12.0774 0
      vertex 50.3824 12.3491 0
    endloop
  endfacet
  facet normal -0.946889 0.321559 0
    outer loop
      vertex 55.2102 8.64455 0
      vertex 55.3427 9.03472 2.4
      vertex 55.3427 9.03472 0
    endloop
  endfacet
  facet normal -0.946889 0.321559 0
    outer loop
      vertex 55.3427 9.03472 2.4
      vertex 55.2102 8.64455 0
      vertex 55.2102 8.64455 2.4
    endloop
  endfacet
  facet normal -0.55554 -0.83149 0
    outer loop
      vertex 53.875 12.578 0
      vertex 54.2176 12.3491 2.4
      vertex 53.875 12.578 2.4
    endloop
  endfacet
  facet normal -0.55554 -0.83149 -0
    outer loop
      vertex 54.2176 12.3491 2.4
      vertex 53.875 12.578 0
      vertex 54.2176 12.3491 0
    endloop
  endfacet
  facet normal -0.659322 0.751861 0
    outer loop
      vertex 54.5274 7.62261 0
      vertex 54.2176 7.35094 2.4
      vertex 54.5274 7.62261 2.4
    endloop
  endfacet
  facet normal -0.659322 0.751861 0
    outer loop
      vertex 54.2176 7.35094 2.4
      vertex 54.5274 7.62261 0
      vertex 54.2176 7.35094 0
    endloop
  endfacet
  facet normal 0.980778 0.195127 0
    outer loop
      vertex 49.2573 9.03472 2.4
      vertex 49.1769 9.43884 0
      vertex 49.1769 9.43884 2.4
    endloop
  endfacet
  facet normal 0.980778 0.195127 0
    outer loop
      vertex 49.1769 9.43884 0
      vertex 49.2573 9.03472 2.4
      vertex 49.2573 9.03472 0
    endloop
  endfacet
  facet normal -0.659363 -0.751825 0
    outer loop
      vertex 54.2176 12.3491 0
      vertex 54.5274 12.0774 2.4
      vertex 54.2176 12.3491 2.4
    endloop
  endfacet
  facet normal -0.659363 -0.751825 -0
    outer loop
      vertex 54.5274 12.0774 2.4
      vertex 54.2176 12.3491 0
      vertex 54.5274 12.0774 0
    endloop
  endfacet
  facet normal 0.997867 0.0652851 0
    outer loop
      vertex 49.1769 9.43884 2.4
      vertex 49.15 9.85 0
      vertex 49.15 9.85 2.4
    endloop
  endfacet
  facet normal 0.997867 0.0652851 0
    outer loop
      vertex 49.15 9.85 0
      vertex 49.1769 9.43884 2.4
      vertex 49.1769 9.43884 0
    endloop
  endfacet
  facet normal 0.55554 -0.83149 0
    outer loop
      vertex 50.3824 12.3491 0
      vertex 50.725 12.578 2.4
      vertex 50.3824 12.3491 2.4
    endloop
  endfacet
  facet normal 0.55554 -0.83149 0
    outer loop
      vertex 50.725 12.578 2.4
      vertex 50.3824 12.3491 0
      vertex 50.725 12.578 0
    endloop
  endfacet
  facet normal -0.896913 0.442207 0
    outer loop
      vertex 55.028 8.275 0
      vertex 55.2102 8.64455 2.4
      vertex 55.2102 8.64455 0
    endloop
  endfacet
  facet normal -0.896913 0.442207 0
    outer loop
      vertex 55.2102 8.64455 2.4
      vertex 55.028 8.275 0
      vertex 55.028 8.275 2.4
    endloop
  endfacet
  facet normal -0.195089 0.980786 0
    outer loop
      vertex 53.1153 6.80733 0
      vertex 52.7112 6.72695 2.4
      vertex 53.1153 6.80733 2.4
    endloop
  endfacet
  facet normal -0.195089 0.980786 0
    outer loop
      vertex 52.7112 6.72695 2.4
      vertex 53.1153 6.80733 0
      vertex 52.7112 6.72695 0
    endloop
  endfacet
  facet normal -0.83149 0.55554 0
    outer loop
      vertex 54.7991 7.9324 0
      vertex 55.028 8.275 2.4
      vertex 55.028 8.275 0
    endloop
  endfacet
  facet normal -0.83149 0.55554 0
    outer loop
      vertex 55.028 8.275 2.4
      vertex 54.7991 7.9324 0
      vertex 54.7991 7.9324 2.4
    endloop
  endfacet
  facet normal 0.997867 -0.0652788 0
    outer loop
      vertex 49.15 9.85 2.4
      vertex 49.1769 10.2612 0
      vertex 49.1769 10.2612 2.4
    endloop
  endfacet
  facet normal 0.997867 -0.0652788 0
    outer loop
      vertex 49.1769 10.2612 0
      vertex 49.15 9.85 2.4
      vertex 49.15 9.85 0
    endloop
  endfacet
  facet normal 0.442255 -0.896889 0
    outer loop
      vertex 50.725 12.578 0
      vertex 51.0945 12.7602 2.4
      vertex 50.725 12.578 2.4
    endloop
  endfacet
  facet normal 0.442255 -0.896889 0
    outer loop
      vertex 51.0945 12.7602 2.4
      vertex 50.725 12.578 0
      vertex 51.0945 12.7602 0
    endloop
  endfacet
  facet normal -0.195136 -0.980776 0
    outer loop
      vertex 52.7112 12.9731 0
      vertex 53.1153 12.8927 2.4
      vertex 52.7112 12.9731 2.4
    endloop
  endfacet
  facet normal -0.195136 -0.980776 -0
    outer loop
      vertex 53.1153 12.8927 2.4
      vertex 52.7112 12.9731 0
      vertex 53.1153 12.8927 0
    endloop
  endfacet
  facet normal 0.0652788 -0.997867 0
    outer loop
      vertex 51.8888 12.9731 0
      vertex 52.3 13 2.4
      vertex 51.8888 12.9731 2.4
    endloop
  endfacet
  facet normal 0.0652788 -0.997867 0
    outer loop
      vertex 52.3 13 2.4
      vertex 51.8888 12.9731 0
      vertex 52.3 13 0
    endloop
  endfacet
  facet normal -0.442255 -0.896889 0
    outer loop
      vertex 53.5055 12.7602 0
      vertex 53.875 12.578 2.4
      vertex 53.5055 12.7602 2.4
    endloop
  endfacet
  facet normal -0.442255 -0.896889 -0
    outer loop
      vertex 53.875 12.578 2.4
      vertex 53.5055 12.7602 0
      vertex 53.875 12.578 0
    endloop
  endfacet
  facet normal 0.946889 0.321559 0
    outer loop
      vertex 49.3898 8.64455 2.4
      vertex 49.2573 9.03472 0
      vertex 49.2573 9.03472 2.4
    endloop
  endfacet
  facet normal 0.946889 0.321559 0
    outer loop
      vertex 49.2573 9.03472 0
      vertex 49.3898 8.64455 2.4
      vertex 49.3898 8.64455 0
    endloop
  endfacet
  facet normal -0.442333 0.896851 0
    outer loop
      vertex 53.875 7.12202 0
      vertex 53.5055 6.93978 2.4
      vertex 53.875 7.12202 2.4
    endloop
  endfacet
  facet normal -0.442333 0.896851 0
    outer loop
      vertex 53.5055 6.93978 2.4
      vertex 53.875 7.12202 0
      vertex 53.5055 6.93978 0
    endloop
  endfacet
  facet normal 0.83149 -0.55554 0
    outer loop
      vertex 49.572 11.425 2.4
      vertex 49.8009 11.7676 0
      vertex 49.8009 11.7676 2.4
    endloop
  endfacet
  facet normal 0.83149 -0.55554 0
    outer loop
      vertex 49.8009 11.7676 0
      vertex 49.572 11.425 2.4
      vertex 49.572 11.425 0
    endloop
  endfacet
  facet normal 0.896889 -0.442255 0
    outer loop
      vertex 49.3898 11.0555 2.4
      vertex 49.572 11.425 0
      vertex 49.572 11.425 2.4
    endloop
  endfacet
  facet normal 0.896889 -0.442255 0
    outer loop
      vertex 49.572 11.425 0
      vertex 49.3898 11.0555 2.4
      vertex 49.3898 11.0555 0
    endloop
  endfacet
  facet normal 0.83149 0.55554 0
    outer loop
      vertex 49.8009 7.9324 2.4
      vertex 49.572 8.275 0
      vertex 49.572 8.275 2.4
    endloop
  endfacet
  facet normal 0.83149 0.55554 0
    outer loop
      vertex 49.572 8.275 0
      vertex 49.8009 7.9324 2.4
      vertex 49.8009 7.9324 0
    endloop
  endfacet
  facet normal 0.896913 0.442207 0
    outer loop
      vertex 49.572 8.275 2.4
      vertex 49.3898 8.64455 0
      vertex 49.3898 8.64455 2.4
    endloop
  endfacet
  facet normal 0.896913 0.442207 0
    outer loop
      vertex 49.3898 8.64455 0
      vertex 49.572 8.275 2.4
      vertex 49.572 8.275 0
    endloop
  endfacet
  facet normal 0.555574 0.831467 -0
    outer loop
      vertex 50.725 7.12202 0
      vertex 50.3824 7.35094 2.4
      vertex 50.725 7.12202 2.4
    endloop
  endfacet
  facet normal 0.555574 0.831467 0
    outer loop
      vertex 50.3824 7.35094 2.4
      vertex 50.725 7.12202 0
      vertex 50.3824 7.35094 0
    endloop
  endfacet
  facet normal -0.980824 0.194893 0
    outer loop
      vertex 55.3427 9.03472 0
      vertex 55.423 9.43884 2.4
      vertex 55.423 9.43884 0
    endloop
  endfacet
  facet normal -0.980824 0.194893 0
    outer loop
      vertex 55.423 9.43884 2.4
      vertex 55.3427 9.03472 0
      vertex 55.3427 9.03472 2.4
    endloop
  endfacet
  facet normal 0.946897 -0.321537 0
    outer loop
      vertex 49.2573 10.6653 2.4
      vertex 49.3898 11.0555 0
      vertex 49.3898 11.0555 2.4
    endloop
  endfacet
  facet normal 0.946897 -0.321537 0
    outer loop
      vertex 49.3898 11.0555 0
      vertex 49.2573 10.6653 2.4
      vertex 49.2573 10.6653 0
    endloop
  endfacet
  facet normal -0.0652788 -0.997867 0
    outer loop
      vertex 52.3 13 0
      vertex 52.7112 12.9731 2.4
      vertex 52.3 13 2.4
    endloop
  endfacet
  facet normal -0.0652788 -0.997867 -0
    outer loop
      vertex 52.7112 12.9731 2.4
      vertex 52.3 13 0
      vertex 52.7112 12.9731 0
    endloop
  endfacet
  facet normal 0.751814 0.659375 0
    outer loop
      vertex 50.0726 7.62261 2.4
      vertex 49.8009 7.9324 0
      vertex 49.8009 7.9324 2.4
    endloop
  endfacet
  facet normal 0.751814 0.659375 0
    outer loop
      vertex 49.8009 7.9324 0
      vertex 50.0726 7.62261 2.4
      vertex 50.0726 7.62261 0
    endloop
  endfacet
  facet normal 0.195089 0.980786 -0
    outer loop
      vertex 51.8888 6.72695 0
      vertex 51.4847 6.80733 2.4
      vertex 51.8888 6.72695 2.4
    endloop
  endfacet
  facet normal 0.195089 0.980786 0
    outer loop
      vertex 51.4847 6.80733 2.4
      vertex 51.8888 6.72695 0
      vertex 51.4847 6.80733 0
    endloop
  endfacet
  facet normal 0.0653996 0.997859 -0
    outer loop
      vertex 52.3 6.7 0
      vertex 51.8888 6.72695 2.4
      vertex 52.3 6.7 2.4
    endloop
  endfacet
  facet normal 0.0653996 0.997859 0
    outer loop
      vertex 51.8888 6.72695 2.4
      vertex 52.3 6.7 0
      vertex 51.8888 6.72695 0
    endloop
  endfacet
  facet normal 0.321428 0.946934 -0
    outer loop
      vertex 51.4847 6.80733 0
      vertex 51.0945 6.93978 2.4
      vertex 51.4847 6.80733 2.4
    endloop
  endfacet
  facet normal 0.321428 0.946934 0
    outer loop
      vertex 51.0945 6.93978 2.4
      vertex 51.4847 6.80733 0
      vertex 51.0945 6.93978 0
    endloop
  endfacet
  facet normal -0.0653996 0.997859 0
    outer loop
      vertex 52.7112 6.72695 0
      vertex 52.3 6.7 2.4
      vertex 52.7112 6.72695 2.4
    endloop
  endfacet
  facet normal -0.0653996 0.997859 0
    outer loop
      vertex 52.3 6.7 2.4
      vertex 52.7112 6.72695 0
      vertex 52.3 6.7 0
    endloop
  endfacet
  facet normal -0.751825 -0.659363 0
    outer loop
      vertex 54.7991 11.7676 0
      vertex 54.5274 12.0774 2.4
      vertex 54.5274 12.0774 0
    endloop
  endfacet
  facet normal -0.751825 -0.659363 0
    outer loop
      vertex 54.5274 12.0774 2.4
      vertex 54.7991 11.7676 0
      vertex 54.7991 11.7676 2.4
    endloop
  endfacet
  facet normal 0.980776 -0.195136 0
    outer loop
      vertex 49.1769 10.2612 2.4
      vertex 49.2573 10.6653 0
      vertex 49.2573 10.6653 2.4
    endloop
  endfacet
  facet normal 0.980776 -0.195136 0
    outer loop
      vertex 49.2573 10.6653 0
      vertex 49.1769 10.2612 2.4
      vertex 49.1769 10.2612 0
    endloop
  endfacet
  facet normal 0.659322 0.751861 -0
    outer loop
      vertex 50.3824 7.35094 0
      vertex 50.0726 7.62261 2.4
      vertex 50.3824 7.35094 2.4
    endloop
  endfacet
  facet normal 0.659322 0.751861 0
    outer loop
      vertex 50.0726 7.62261 2.4
      vertex 50.3824 7.35094 0
      vertex 50.0726 7.62261 0
    endloop
  endfacet
  facet normal 0.751825 -0.659363 0
    outer loop
      vertex 49.8009 11.7676 2.4
      vertex 50.0726 12.0774 0
      vertex 50.0726 12.0774 2.4
    endloop
  endfacet
  facet normal 0.751825 -0.659363 0
    outer loop
      vertex 50.0726 12.0774 0
      vertex 49.8009 11.7676 2.4
      vertex 49.8009 11.7676 0
    endloop
  endfacet
  facet normal -0 0.660628 0.750714
    outer loop
      vertex 1.5 101.491 5.60665
      vertex 4.7 101.393 5.69289
      vertex 4.7 101.491 5.60665
    endloop
  endfacet
  facet normal 0 0.660628 0.750714
    outer loop
      vertex 4.7 101.393 5.69289
      vertex 1.5 101.491 5.60665
      vertex 1.5 101.393 5.69289
    endloop
  endfacet
  facet normal 0 -0.195453 0.980713
    outer loop
      vertex 1.5 102.359 5.43407
      vertex 4.7 102.231 5.40856
      vertex 4.7 102.359 5.43407
    endloop
  endfacet
  facet normal 0 -0.195453 0.980713
    outer loop
      vertex 4.7 102.231 5.40856
      vertex 1.5 102.359 5.43407
      vertex 1.5 102.231 5.40856
    endloop
  endfacet
  facet normal 0 -0.75279 0.658261
    outer loop
      vertex 1.5 102.807 5.69289
      vertex 4.7 102.893 5.79124
      vertex 1.5 102.893 5.79124
    endloop
  endfacet
  facet normal 0 -0.75279 0.658261
    outer loop
      vertex 4.7 102.893 5.79124
      vertex 1.5 102.807 5.69289
      vertex 4.7 102.807 5.69289
    endloop
  endfacet
  facet normal 0 0.981537 0.191273
    outer loop
      vertex 4.7 101.134 6.14118
      vertex 1.5 101.109 6.26947
      vertex 4.7 101.109 6.26947
    endloop
  endfacet
  facet normal 0 0.981537 0.191273
    outer loop
      vertex 1.5 101.109 6.26947
      vertex 4.7 101.134 6.14118
      vertex 1.5 101.134 6.14118
    endloop
  endfacet
  facet normal 0 -0.830308 0.557305
    outer loop
      vertex 1.5 102.893 5.79124
      vertex 4.7 102.966 5.9
      vertex 1.5 102.966 5.9
    endloop
  endfacet
  facet normal 0 -0.830308 0.557305
    outer loop
      vertex 4.7 102.966 5.9
      vertex 1.5 102.893 5.79124
      vertex 4.7 102.893 5.79124
    endloop
  endfacet
  facet normal 0 0.660628 -0.750714
    outer loop
      vertex 1.5 101.393 7.10711
      vertex 4.7 101.491 7.19335
      vertex 4.7 101.393 7.10711
    endloop
  endfacet
  facet normal 0 0.660628 -0.750714
    outer loop
      vertex 4.7 101.491 7.19335
      vertex 1.5 101.393 7.10711
      vertex 1.5 101.491 7.19335
    endloop
  endfacet
  facet normal 0 -0.981537 0.191273
    outer loop
      vertex 1.5 103.066 6.14118
      vertex 4.7 103.091 6.26947
      vertex 1.5 103.091 6.26947
    endloop
  endfacet
  facet normal 0 -0.981537 0.191273
    outer loop
      vertex 4.7 103.091 6.26947
      vertex 1.5 103.066 6.14118
      vertex 4.7 103.066 6.14118
    endloop
  endfacet
  facet normal 0 0.997631 -0.0687864
    outer loop
      vertex 4.7 101.1 6.4
      vertex 1.5 101.109 6.53053
      vertex 4.7 101.109 6.53053
    endloop
  endfacet
  facet normal 0 0.997631 -0.0687864
    outer loop
      vertex 1.5 101.109 6.53053
      vertex 4.7 101.1 6.4
      vertex 1.5 101.1 6.4
    endloop
  endfacet
  facet normal 0 -0.32115 0.947028
    outer loop
      vertex 1.5 102.483 5.47612
      vertex 4.7 102.359 5.43407
      vertex 4.7 102.483 5.47612
    endloop
  endfacet
  facet normal 0 -0.32115 0.947028
    outer loop
      vertex 4.7 102.359 5.43407
      vertex 1.5 102.483 5.47612
      vertex 1.5 102.359 5.43407
    endloop
  endfacet
  facet normal 0 0.896435 -0.443175
    outer loop
      vertex 4.7 101.176 6.78268
      vertex 1.5 101.234 6.9
      vertex 4.7 101.234 6.9
    endloop
  endfacet
  facet normal 0 0.896435 -0.443175
    outer loop
      vertex 1.5 101.234 6.9
      vertex 4.7 101.176 6.78268
      vertex 1.5 101.176 6.78268
    endloop
  endfacet
  facet normal 0 -0.32115 -0.947028
    outer loop
      vertex 1.5 102.359 7.36593
      vertex 4.7 102.483 7.32388
      vertex 4.7 102.359 7.36593
    endloop
  endfacet
  facet normal -0 -0.32115 -0.947028
    outer loop
      vertex 4.7 102.483 7.32388
      vertex 1.5 102.359 7.36593
      vertex 1.5 102.483 7.32388
    endloop
  endfacet
  facet normal -0 0.554771 0.832003
    outer loop
      vertex 1.5 101.6 5.53397
      vertex 4.7 101.491 5.60665
      vertex 4.7 101.6 5.53397
    endloop
  endfacet
  facet normal 0 0.554771 0.832003
    outer loop
      vertex 4.7 101.491 5.60665
      vertex 1.5 101.6 5.53397
      vertex 1.5 101.491 5.60665
    endloop
  endfacet
  facet normal 0 0.443287 -0.89638
    outer loop
      vertex 1.5 101.6 7.26602
      vertex 4.7 101.717 7.32388
      vertex 4.7 101.6 7.26602
    endloop
  endfacet
  facet normal 0 0.443287 -0.89638
    outer loop
      vertex 4.7 101.717 7.32388
      vertex 1.5 101.6 7.26602
      vertex 1.5 101.717 7.32388
    endloop
  endfacet
  facet normal 0 -0.997631 0.0687864
    outer loop
      vertex 1.5 103.091 6.26947
      vertex 4.7 103.1 6.4
      vertex 1.5 103.1 6.4
    endloop
  endfacet
  facet normal 0 -0.997631 0.0687864
    outer loop
      vertex 4.7 103.1 6.4
      vertex 1.5 103.091 6.26947
      vertex 4.7 103.091 6.26947
    endloop
  endfacet
  facet normal 0 -0.0652045 0.997872
    outer loop
      vertex 1.5 102.231 5.40856
      vertex 4.7 102.1 5.4
      vertex 4.7 102.231 5.40856
    endloop
  endfacet
  facet normal 0 -0.0652045 0.997872
    outer loop
      vertex 4.7 102.1 5.4
      vertex 1.5 102.231 5.40856
      vertex 1.5 102.1 5.4
    endloop
  endfacet
  facet normal 0 0.947034 -0.321132
    outer loop
      vertex 4.7 101.134 6.65882
      vertex 1.5 101.176 6.78268
      vertex 4.7 101.176 6.78268
    endloop
  endfacet
  facet normal 0 0.947034 -0.321132
    outer loop
      vertex 1.5 101.176 6.78268
      vertex 4.7 101.134 6.65882
      vertex 1.5 101.134 6.65882
    endloop
  endfacet
  facet normal 0 -0.443225 0.89641
    outer loop
      vertex 1.5 102.6 5.53397
      vertex 4.7 102.483 5.47612
      vertex 4.7 102.6 5.53397
    endloop
  endfacet
  facet normal 0 -0.443225 0.89641
    outer loop
      vertex 4.7 102.483 5.47612
      vertex 1.5 102.6 5.53397
      vertex 1.5 102.483 5.47612
    endloop
  endfacet
  facet normal 0 -0.195453 -0.980713
    outer loop
      vertex 1.5 102.231 7.39144
      vertex 4.7 102.359 7.36593
      vertex 4.7 102.231 7.39144
    endloop
  endfacet
  facet normal -0 -0.195453 -0.980713
    outer loop
      vertex 4.7 102.359 7.36593
      vertex 1.5 102.231 7.39144
      vertex 1.5 102.359 7.36593
    endloop
  endfacet
  facet normal 0 -0.660628 0.750714
    outer loop
      vertex 1.5 102.807 5.69289
      vertex 4.7 102.709 5.60665
      vertex 4.7 102.807 5.69289
    endloop
  endfacet
  facet normal 0 -0.660628 0.750714
    outer loop
      vertex 4.7 102.709 5.60665
      vertex 1.5 102.807 5.69289
      vertex 1.5 102.709 5.60665
    endloop
  endfacet
  facet normal 0 -0.443287 -0.89638
    outer loop
      vertex 1.5 102.483 7.32388
      vertex 4.7 102.6 7.26602
      vertex 4.7 102.483 7.32388
    endloop
  endfacet
  facet normal -0 -0.443287 -0.89638
    outer loop
      vertex 4.7 102.6 7.26602
      vertex 1.5 102.483 7.32388
      vertex 1.5 102.6 7.26602
    endloop
  endfacet
  facet normal 0 -0.947034 0.321132
    outer loop
      vertex 1.5 103.024 6.01732
      vertex 4.7 103.066 6.14118
      vertex 1.5 103.066 6.14118
    endloop
  endfacet
  facet normal 0 -0.947034 0.321132
    outer loop
      vertex 4.7 103.066 6.14118
      vertex 1.5 103.024 6.01732
      vertex 4.7 103.024 6.01732
    endloop
  endfacet
  facet normal 0 0.195453 -0.980713
    outer loop
      vertex 1.5 101.841 7.36593
      vertex 4.7 101.969 7.39144
      vertex 4.7 101.841 7.36593
    endloop
  endfacet
  facet normal 0 0.195453 -0.980713
    outer loop
      vertex 4.7 101.969 7.39144
      vertex 1.5 101.841 7.36593
      vertex 1.5 101.969 7.39144
    endloop
  endfacet
  facet normal 0 -0.554771 0.832003
    outer loop
      vertex 1.5 102.709 5.60665
      vertex 4.7 102.6 5.53397
      vertex 4.7 102.709 5.60665
    endloop
  endfacet
  facet normal 0 -0.554771 0.832003
    outer loop
      vertex 4.7 102.6 5.53397
      vertex 1.5 102.709 5.60665
      vertex 1.5 102.6 5.53397
    endloop
  endfacet
  facet normal 0 -0.896435 0.443175
    outer loop
      vertex 1.5 102.966 5.9
      vertex 4.7 103.024 6.01732
      vertex 1.5 103.024 6.01732
    endloop
  endfacet
  facet normal 0 -0.896435 0.443175
    outer loop
      vertex 4.7 103.024 6.01732
      vertex 1.5 102.966 5.9
      vertex 4.7 102.966 5.9
    endloop
  endfacet
  facet normal 0 0.947034 0.321132
    outer loop
      vertex 4.7 101.176 6.01732
      vertex 1.5 101.134 6.14118
      vertex 4.7 101.134 6.14118
    endloop
  endfacet
  facet normal 0 0.947034 0.321132
    outer loop
      vertex 1.5 101.134 6.14118
      vertex 4.7 101.176 6.01732
      vertex 1.5 101.176 6.01732
    endloop
  endfacet
  facet normal -0 0.443225 0.89641
    outer loop
      vertex 1.5 101.717 5.47612
      vertex 4.7 101.6 5.53397
      vertex 4.7 101.717 5.47612
    endloop
  endfacet
  facet normal 0 0.443225 0.89641
    outer loop
      vertex 4.7 101.6 5.53397
      vertex 1.5 101.717 5.47612
      vertex 1.5 101.6 5.53397
    endloop
  endfacet
  facet normal -0 0.32115 0.947028
    outer loop
      vertex 1.5 101.841 5.43407
      vertex 4.7 101.717 5.47612
      vertex 4.7 101.841 5.43407
    endloop
  endfacet
  facet normal 0 0.32115 0.947028
    outer loop
      vertex 4.7 101.717 5.47612
      vertex 1.5 101.841 5.43407
      vertex 1.5 101.717 5.47612
    endloop
  endfacet
  facet normal 0 -0.0652045 -0.997872
    outer loop
      vertex 1.5 102.1 7.4
      vertex 4.7 102.231 7.39144
      vertex 4.7 102.1 7.4
    endloop
  endfacet
  facet normal -0 -0.0652045 -0.997872
    outer loop
      vertex 4.7 102.231 7.39144
      vertex 1.5 102.1 7.4
      vertex 1.5 102.231 7.39144
    endloop
  endfacet
  facet normal 0 -0.554718 -0.832039
    outer loop
      vertex 1.5 102.6 7.26602
      vertex 4.7 102.709 7.19335
      vertex 4.7 102.6 7.26602
    endloop
  endfacet
  facet normal -0 -0.554718 -0.832039
    outer loop
      vertex 4.7 102.709 7.19335
      vertex 1.5 102.6 7.26602
      vertex 1.5 102.709 7.19335
    endloop
  endfacet
  facet normal 0 0.32115 -0.947028
    outer loop
      vertex 1.5 101.717 7.32388
      vertex 4.7 101.841 7.36593
      vertex 4.7 101.717 7.32388
    endloop
  endfacet
  facet normal 0 0.32115 -0.947028
    outer loop
      vertex 4.7 101.841 7.36593
      vertex 1.5 101.717 7.32388
      vertex 1.5 101.841 7.36593
    endloop
  endfacet
  facet normal 0 -0.997631 -0.0687864
    outer loop
      vertex 1.5 103.1 6.4
      vertex 4.7 103.091 6.53053
      vertex 1.5 103.091 6.53053
    endloop
  endfacet
  facet normal 0 -0.997631 -0.0687864
    outer loop
      vertex 4.7 103.091 6.53053
      vertex 1.5 103.1 6.4
      vertex 4.7 103.1 6.4
    endloop
  endfacet
  facet normal 0 0.997631 0.0687864
    outer loop
      vertex 4.7 101.109 6.26947
      vertex 1.5 101.1 6.4
      vertex 4.7 101.1 6.4
    endloop
  endfacet
  facet normal 0 0.997631 0.0687864
    outer loop
      vertex 1.5 101.1 6.4
      vertex 4.7 101.109 6.26947
      vertex 1.5 101.109 6.26947
    endloop
  endfacet
  facet normal 0 -0.896435 -0.443175
    outer loop
      vertex 1.5 103.024 6.78268
      vertex 4.7 102.966 6.9
      vertex 1.5 102.966 6.9
    endloop
  endfacet
  facet normal 0 -0.896435 -0.443175
    outer loop
      vertex 4.7 102.966 6.9
      vertex 1.5 103.024 6.78268
      vertex 4.7 103.024 6.78268
    endloop
  endfacet
  facet normal -0 0.0652045 0.997872
    outer loop
      vertex 1.5 102.1 5.4
      vertex 4.7 101.969 5.40856
      vertex 4.7 102.1 5.4
    endloop
  endfacet
  facet normal 0 0.0652045 0.997872
    outer loop
      vertex 4.7 101.969 5.40856
      vertex 1.5 102.1 5.4
      vertex 1.5 101.969 5.40856
    endloop
  endfacet
  facet normal 0 -0.947034 -0.321132
    outer loop
      vertex 1.5 103.066 6.65882
      vertex 4.7 103.024 6.78268
      vertex 1.5 103.024 6.78268
    endloop
  endfacet
  facet normal 0 -0.947034 -0.321132
    outer loop
      vertex 4.7 103.024 6.78268
      vertex 1.5 103.066 6.65882
      vertex 4.7 103.066 6.65882
    endloop
  endfacet
  facet normal -0 0.195453 0.980713
    outer loop
      vertex 1.5 101.969 5.40856
      vertex 4.7 101.841 5.43407
      vertex 4.7 101.969 5.40856
    endloop
  endfacet
  facet normal 0 0.195453 0.980713
    outer loop
      vertex 4.7 101.841 5.43407
      vertex 1.5 101.969 5.40856
      vertex 1.5 101.841 5.43407
    endloop
  endfacet
  facet normal 0 -0.981537 -0.191273
    outer loop
      vertex 1.5 103.091 6.53053
      vertex 4.7 103.066 6.65882
      vertex 1.5 103.066 6.65882
    endloop
  endfacet
  facet normal 0 -0.981537 -0.191273
    outer loop
      vertex 4.7 103.066 6.65882
      vertex 1.5 103.091 6.53053
      vertex 4.7 103.091 6.53053
    endloop
  endfacet
  facet normal 0 0.75279 0.658261
    outer loop
      vertex 4.7 101.393 5.69289
      vertex 1.5 101.307 5.79124
      vertex 4.7 101.307 5.79124
    endloop
  endfacet
  facet normal 0 0.75279 0.658261
    outer loop
      vertex 1.5 101.307 5.79124
      vertex 4.7 101.393 5.69289
      vertex 1.5 101.393 5.69289
    endloop
  endfacet
  facet normal 0 0.896435 0.443175
    outer loop
      vertex 4.7 101.234 5.9
      vertex 1.5 101.176 6.01732
      vertex 4.7 101.176 6.01732
    endloop
  endfacet
  facet normal 0 0.896435 0.443175
    outer loop
      vertex 1.5 101.176 6.01732
      vertex 4.7 101.234 5.9
      vertex 1.5 101.234 5.9
    endloop
  endfacet
  facet normal 0 -0.75279 -0.658261
    outer loop
      vertex 1.5 102.893 7.00876
      vertex 4.7 102.807 7.10711
      vertex 1.5 102.807 7.10711
    endloop
  endfacet
  facet normal 0 -0.75279 -0.658261
    outer loop
      vertex 4.7 102.807 7.10711
      vertex 1.5 102.893 7.00876
      vertex 4.7 102.893 7.00876
    endloop
  endfacet
  facet normal 0 -0.830308 -0.557305
    outer loop
      vertex 1.5 102.966 6.9
      vertex 4.7 102.893 7.00876
      vertex 1.5 102.893 7.00876
    endloop
  endfacet
  facet normal 0 -0.830308 -0.557305
    outer loop
      vertex 4.7 102.893 7.00876
      vertex 1.5 102.966 6.9
      vertex 4.7 102.966 6.9
    endloop
  endfacet
  facet normal 0 0.75279 -0.658261
    outer loop
      vertex 4.7 101.307 7.00876
      vertex 1.5 101.393 7.10711
      vertex 4.7 101.393 7.10711
    endloop
  endfacet
  facet normal 0 0.75279 -0.658261
    outer loop
      vertex 1.5 101.393 7.10711
      vertex 4.7 101.307 7.00876
      vertex 1.5 101.307 7.00876
    endloop
  endfacet
  facet normal 0 0.830308 0.557305
    outer loop
      vertex 4.7 101.307 5.79124
      vertex 1.5 101.234 5.9
      vertex 4.7 101.234 5.9
    endloop
  endfacet
  facet normal 0 0.830308 0.557305
    outer loop
      vertex 1.5 101.234 5.9
      vertex 4.7 101.307 5.79124
      vertex 1.5 101.307 5.79124
    endloop
  endfacet
  facet normal 0 0.0652045 -0.997872
    outer loop
      vertex 1.5 101.969 7.39144
      vertex 4.7 102.1 7.4
      vertex 4.7 101.969 7.39144
    endloop
  endfacet
  facet normal 0 0.0652045 -0.997872
    outer loop
      vertex 4.7 102.1 7.4
      vertex 1.5 101.969 7.39144
      vertex 1.5 102.1 7.4
    endloop
  endfacet
  facet normal 0 0.554718 -0.832039
    outer loop
      vertex 1.5 101.491 7.19335
      vertex 4.7 101.6 7.26602
      vertex 4.7 101.491 7.19335
    endloop
  endfacet
  facet normal 0 0.554718 -0.832039
    outer loop
      vertex 4.7 101.6 7.26602
      vertex 1.5 101.491 7.19335
      vertex 1.5 101.6 7.26602
    endloop
  endfacet
  facet normal 0 0.981537 -0.191273
    outer loop
      vertex 4.7 101.109 6.53053
      vertex 1.5 101.134 6.65882
      vertex 4.7 101.134 6.65882
    endloop
  endfacet
  facet normal 0 0.981537 -0.191273
    outer loop
      vertex 1.5 101.134 6.65882
      vertex 4.7 101.109 6.53053
      vertex 1.5 101.109 6.53053
    endloop
  endfacet
  facet normal 0 0.830308 -0.557305
    outer loop
      vertex 4.7 101.234 6.9
      vertex 1.5 101.307 7.00876
      vertex 4.7 101.307 7.00876
    endloop
  endfacet
  facet normal 0 0.830308 -0.557305
    outer loop
      vertex 1.5 101.307 7.00876
      vertex 4.7 101.234 6.9
      vertex 1.5 101.234 6.9
    endloop
  endfacet
  facet normal 0 -0.660628 -0.750714
    outer loop
      vertex 1.5 102.709 7.19335
      vertex 4.7 102.807 7.10711
      vertex 4.7 102.709 7.19335
    endloop
  endfacet
  facet normal -0 -0.660628 -0.750714
    outer loop
      vertex 4.7 102.807 7.10711
      vertex 1.5 102.709 7.19335
      vertex 1.5 102.807 7.10711
    endloop
  endfacet
  facet normal 0 -0.0652045 -0.997872
    outer loop
      vertex 84.8 102.1 7.4
      vertex 88 102.231 7.39144
      vertex 88 102.1 7.4
    endloop
  endfacet
  facet normal -0 -0.0652045 -0.997872
    outer loop
      vertex 88 102.231 7.39144
      vertex 84.8 102.1 7.4
      vertex 84.8 102.231 7.39144
    endloop
  endfacet
  facet normal 0 -0.554718 -0.832039
    outer loop
      vertex 84.8 102.6 7.26602
      vertex 88 102.709 7.19335
      vertex 88 102.6 7.26602
    endloop
  endfacet
  facet normal -0 -0.554718 -0.832039
    outer loop
      vertex 88 102.709 7.19335
      vertex 84.8 102.6 7.26602
      vertex 84.8 102.709 7.19335
    endloop
  endfacet
  facet normal 0 -0.443287 -0.89638
    outer loop
      vertex 84.8 102.483 7.32388
      vertex 88 102.6 7.26602
      vertex 88 102.483 7.32388
    endloop
  endfacet
  facet normal -0 -0.443287 -0.89638
    outer loop
      vertex 88 102.6 7.26602
      vertex 84.8 102.483 7.32388
      vertex 84.8 102.6 7.26602
    endloop
  endfacet
  facet normal 0 -0.896435 -0.443175
    outer loop
      vertex 84.8 103.024 6.78268
      vertex 88 102.966 6.9
      vertex 84.8 102.966 6.9
    endloop
  endfacet
  facet normal 0 -0.896435 -0.443175
    outer loop
      vertex 88 102.966 6.9
      vertex 84.8 103.024 6.78268
      vertex 88 103.024 6.78268
    endloop
  endfacet
  facet normal 0 -0.0652045 0.997872
    outer loop
      vertex 84.8 102.231 5.40856
      vertex 88 102.1 5.4
      vertex 88 102.231 5.40856
    endloop
  endfacet
  facet normal 0 -0.0652045 0.997872
    outer loop
      vertex 88 102.1 5.4
      vertex 84.8 102.231 5.40856
      vertex 84.8 102.1 5.4
    endloop
  endfacet
  facet normal 0 -0.443225 0.89641
    outer loop
      vertex 84.8 102.6 5.53397
      vertex 88 102.483 5.47612
      vertex 88 102.6 5.53397
    endloop
  endfacet
  facet normal 0 -0.443225 0.89641
    outer loop
      vertex 88 102.483 5.47612
      vertex 84.8 102.6 5.53397
      vertex 84.8 102.483 5.47612
    endloop
  endfacet
  facet normal 0 0.0652045 -0.997872
    outer loop
      vertex 84.8 101.969 7.39144
      vertex 88 102.1 7.4
      vertex 88 101.969 7.39144
    endloop
  endfacet
  facet normal 0 0.0652045 -0.997872
    outer loop
      vertex 88 102.1 7.4
      vertex 84.8 101.969 7.39144
      vertex 84.8 102.1 7.4
    endloop
  endfacet
  facet normal 0 0.75279 0.658261
    outer loop
      vertex 88 101.393 5.69289
      vertex 84.8 101.307 5.79124
      vertex 88 101.307 5.79124
    endloop
  endfacet
  facet normal 0 0.75279 0.658261
    outer loop
      vertex 84.8 101.307 5.79124
      vertex 88 101.393 5.69289
      vertex 84.8 101.393 5.69289
    endloop
  endfacet
  facet normal 0 0.443287 -0.89638
    outer loop
      vertex 84.8 101.6 7.26602
      vertex 88 101.717 7.32388
      vertex 88 101.6 7.26602
    endloop
  endfacet
  facet normal 0 0.443287 -0.89638
    outer loop
      vertex 88 101.717 7.32388
      vertex 84.8 101.6 7.26602
      vertex 84.8 101.717 7.32388
    endloop
  endfacet
  facet normal -0 0.554771 0.832003
    outer loop
      vertex 84.8 101.6 5.53397
      vertex 88 101.491 5.60665
      vertex 88 101.6 5.53397
    endloop
  endfacet
  facet normal 0 0.554771 0.832003
    outer loop
      vertex 88 101.491 5.60665
      vertex 84.8 101.6 5.53397
      vertex 84.8 101.491 5.60665
    endloop
  endfacet
  facet normal 0 0.947034 0.321132
    outer loop
      vertex 88 101.176 6.01732
      vertex 84.8 101.134 6.14118
      vertex 88 101.134 6.14118
    endloop
  endfacet
  facet normal 0 0.947034 0.321132
    outer loop
      vertex 84.8 101.134 6.14118
      vertex 88 101.176 6.01732
      vertex 84.8 101.176 6.01732
    endloop
  endfacet
  facet normal 0 -0.75279 -0.658261
    outer loop
      vertex 84.8 102.893 7.00876
      vertex 88 102.807 7.10711
      vertex 84.8 102.807 7.10711
    endloop
  endfacet
  facet normal 0 -0.75279 -0.658261
    outer loop
      vertex 88 102.807 7.10711
      vertex 84.8 102.893 7.00876
      vertex 88 102.893 7.00876
    endloop
  endfacet
  facet normal 0 -0.660628 -0.750714
    outer loop
      vertex 84.8 102.709 7.19335
      vertex 88 102.807 7.10711
      vertex 88 102.709 7.19335
    endloop
  endfacet
  facet normal -0 -0.660628 -0.750714
    outer loop
      vertex 88 102.807 7.10711
      vertex 84.8 102.709 7.19335
      vertex 84.8 102.807 7.10711
    endloop
  endfacet
  facet normal 0 0.195453 -0.980713
    outer loop
      vertex 84.8 101.841 7.36593
      vertex 88 101.969 7.39144
      vertex 88 101.841 7.36593
    endloop
  endfacet
  facet normal 0 0.195453 -0.980713
    outer loop
      vertex 88 101.969 7.39144
      vertex 84.8 101.841 7.36593
      vertex 84.8 101.969 7.39144
    endloop
  endfacet
  facet normal 0 -0.830308 -0.557305
    outer loop
      vertex 84.8 102.966 6.9
      vertex 88 102.893 7.00876
      vertex 84.8 102.893 7.00876
    endloop
  endfacet
  facet normal 0 -0.830308 -0.557305
    outer loop
      vertex 88 102.893 7.00876
      vertex 84.8 102.966 6.9
      vertex 88 102.966 6.9
    endloop
  endfacet
  facet normal 0 -0.195453 0.980713
    outer loop
      vertex 84.8 102.359 5.43407
      vertex 88 102.231 5.40856
      vertex 88 102.359 5.43407
    endloop
  endfacet
  facet normal 0 -0.195453 0.980713
    outer loop
      vertex 88 102.231 5.40856
      vertex 84.8 102.359 5.43407
      vertex 84.8 102.231 5.40856
    endloop
  endfacet
  facet normal 0 -0.75279 0.658261
    outer loop
      vertex 84.8 102.807 5.69289
      vertex 88 102.893 5.79124
      vertex 84.8 102.893 5.79124
    endloop
  endfacet
  facet normal 0 -0.75279 0.658261
    outer loop
      vertex 88 102.893 5.79124
      vertex 84.8 102.807 5.69289
      vertex 88 102.807 5.69289
    endloop
  endfacet
  facet normal 0 -0.660628 0.750714
    outer loop
      vertex 84.8 102.807 5.69289
      vertex 88 102.709 5.60665
      vertex 88 102.807 5.69289
    endloop
  endfacet
  facet normal 0 -0.660628 0.750714
    outer loop
      vertex 88 102.709 5.60665
      vertex 84.8 102.807 5.69289
      vertex 84.8 102.709 5.60665
    endloop
  endfacet
  facet normal 0 -0.554771 0.832003
    outer loop
      vertex 84.8 102.709 5.60665
      vertex 88 102.6 5.53397
      vertex 88 102.709 5.60665
    endloop
  endfacet
  facet normal 0 -0.554771 0.832003
    outer loop
      vertex 88 102.6 5.53397
      vertex 84.8 102.709 5.60665
      vertex 84.8 102.6 5.53397
    endloop
  endfacet
  facet normal 0 -0.997631 -0.0687864
    outer loop
      vertex 84.8 103.1 6.4
      vertex 88 103.091 6.53053
      vertex 84.8 103.091 6.53053
    endloop
  endfacet
  facet normal 0 -0.997631 -0.0687864
    outer loop
      vertex 88 103.091 6.53053
      vertex 84.8 103.1 6.4
      vertex 88 103.1 6.4
    endloop
  endfacet
  facet normal 0 0.997631 0.0687864
    outer loop
      vertex 88 101.109 6.26947
      vertex 84.8 101.1 6.4
      vertex 88 101.1 6.4
    endloop
  endfacet
  facet normal 0 0.997631 0.0687864
    outer loop
      vertex 84.8 101.1 6.4
      vertex 88 101.109 6.26947
      vertex 84.8 101.109 6.26947
    endloop
  endfacet
  facet normal -0 0.0652045 0.997872
    outer loop
      vertex 84.8 102.1 5.4
      vertex 88 101.969 5.40856
      vertex 88 102.1 5.4
    endloop
  endfacet
  facet normal 0 0.0652045 0.997872
    outer loop
      vertex 88 101.969 5.40856
      vertex 84.8 102.1 5.4
      vertex 84.8 101.969 5.40856
    endloop
  endfacet
  facet normal 0 -0.896435 0.443175
    outer loop
      vertex 84.8 102.966 5.9
      vertex 88 103.024 6.01732
      vertex 84.8 103.024 6.01732
    endloop
  endfacet
  facet normal 0 -0.896435 0.443175
    outer loop
      vertex 88 103.024 6.01732
      vertex 84.8 102.966 5.9
      vertex 88 102.966 5.9
    endloop
  endfacet
  facet normal 0 -0.830308 0.557305
    outer loop
      vertex 84.8 102.893 5.79124
      vertex 88 102.966 5.9
      vertex 84.8 102.966 5.9
    endloop
  endfacet
  facet normal 0 -0.830308 0.557305
    outer loop
      vertex 88 102.966 5.9
      vertex 84.8 102.893 5.79124
      vertex 88 102.893 5.79124
    endloop
  endfacet
  facet normal 0 -0.32115 -0.947028
    outer loop
      vertex 84.8 102.359 7.36593
      vertex 88 102.483 7.32388
      vertex 88 102.359 7.36593
    endloop
  endfacet
  facet normal -0 -0.32115 -0.947028
    outer loop
      vertex 88 102.483 7.32388
      vertex 84.8 102.359 7.36593
      vertex 84.8 102.483 7.32388
    endloop
  endfacet
  facet normal 0 0.981537 -0.191273
    outer loop
      vertex 88 101.109 6.53053
      vertex 84.8 101.134 6.65882
      vertex 88 101.134 6.65882
    endloop
  endfacet
  facet normal 0 0.981537 -0.191273
    outer loop
      vertex 84.8 101.134 6.65882
      vertex 88 101.109 6.53053
      vertex 84.8 101.109 6.53053
    endloop
  endfacet
  facet normal 0 -0.947034 -0.321132
    outer loop
      vertex 84.8 103.066 6.65882
      vertex 88 103.024 6.78268
      vertex 84.8 103.024 6.78268
    endloop
  endfacet
  facet normal 0 -0.947034 -0.321132
    outer loop
      vertex 88 103.024 6.78268
      vertex 84.8 103.066 6.65882
      vertex 88 103.066 6.65882
    endloop
  endfacet
  facet normal -0 0.195453 0.980713
    outer loop
      vertex 84.8 101.969 5.40856
      vertex 88 101.841 5.43407
      vertex 88 101.969 5.40856
    endloop
  endfacet
  facet normal 0 0.195453 0.980713
    outer loop
      vertex 88 101.841 5.43407
      vertex 84.8 101.969 5.40856
      vertex 84.8 101.841 5.43407
    endloop
  endfacet
  facet normal 0 -0.997631 0.0687864
    outer loop
      vertex 84.8 103.091 6.26947
      vertex 88 103.1 6.4
      vertex 84.8 103.1 6.4
    endloop
  endfacet
  facet normal 0 -0.997631 0.0687864
    outer loop
      vertex 88 103.1 6.4
      vertex 84.8 103.091 6.26947
      vertex 88 103.091 6.26947
    endloop
  endfacet
  facet normal 0 0.32115 -0.947028
    outer loop
      vertex 84.8 101.717 7.32388
      vertex 88 101.841 7.36593
      vertex 88 101.717 7.32388
    endloop
  endfacet
  facet normal 0 0.32115 -0.947028
    outer loop
      vertex 88 101.841 7.36593
      vertex 84.8 101.717 7.32388
      vertex 84.8 101.841 7.36593
    endloop
  endfacet
  facet normal 0 0.660628 -0.750714
    outer loop
      vertex 84.8 101.393 7.10711
      vertex 88 101.491 7.19335
      vertex 88 101.393 7.10711
    endloop
  endfacet
  facet normal 0 0.660628 -0.750714
    outer loop
      vertex 88 101.491 7.19335
      vertex 84.8 101.393 7.10711
      vertex 84.8 101.491 7.19335
    endloop
  endfacet
  facet normal 0 0.981537 0.191273
    outer loop
      vertex 88 101.134 6.14118
      vertex 84.8 101.109 6.26947
      vertex 88 101.109 6.26947
    endloop
  endfacet
  facet normal 0 0.981537 0.191273
    outer loop
      vertex 84.8 101.109 6.26947
      vertex 88 101.134 6.14118
      vertex 84.8 101.134 6.14118
    endloop
  endfacet
  facet normal 0 -0.981537 -0.191273
    outer loop
      vertex 84.8 103.091 6.53053
      vertex 88 103.066 6.65882
      vertex 84.8 103.066 6.65882
    endloop
  endfacet
  facet normal 0 -0.981537 -0.191273
    outer loop
      vertex 88 103.066 6.65882
      vertex 84.8 103.091 6.53053
      vertex 88 103.091 6.53053
    endloop
  endfacet
  facet normal 0 -0.981537 0.191273
    outer loop
      vertex 84.8 103.066 6.14118
      vertex 88 103.091 6.26947
      vertex 84.8 103.091 6.26947
    endloop
  endfacet
  facet normal 0 -0.981537 0.191273
    outer loop
      vertex 88 103.091 6.26947
      vertex 84.8 103.066 6.14118
      vertex 88 103.066 6.14118
    endloop
  endfacet
  facet normal 0 -0.947034 0.321132
    outer loop
      vertex 84.8 103.024 6.01732
      vertex 88 103.066 6.14118
      vertex 84.8 103.066 6.14118
    endloop
  endfacet
  facet normal 0 -0.947034 0.321132
    outer loop
      vertex 88 103.066 6.14118
      vertex 84.8 103.024 6.01732
      vertex 88 103.024 6.01732
    endloop
  endfacet
  facet normal 0 -0.32115 0.947028
    outer loop
      vertex 84.8 102.483 5.47612
      vertex 88 102.359 5.43407
      vertex 88 102.483 5.47612
    endloop
  endfacet
  facet normal 0 -0.32115 0.947028
    outer loop
      vertex 88 102.359 5.43407
      vertex 84.8 102.483 5.47612
      vertex 84.8 102.359 5.43407
    endloop
  endfacet
  facet normal -0 0.32115 0.947028
    outer loop
      vertex 84.8 101.841 5.43407
      vertex 88 101.717 5.47612
      vertex 88 101.841 5.43407
    endloop
  endfacet
  facet normal 0 0.32115 0.947028
    outer loop
      vertex 88 101.717 5.47612
      vertex 84.8 101.841 5.43407
      vertex 84.8 101.717 5.47612
    endloop
  endfacet
  facet normal 0 0.554718 -0.832039
    outer loop
      vertex 84.8 101.491 7.19335
      vertex 88 101.6 7.26602
      vertex 88 101.491 7.19335
    endloop
  endfacet
  facet normal 0 0.554718 -0.832039
    outer loop
      vertex 88 101.6 7.26602
      vertex 84.8 101.491 7.19335
      vertex 84.8 101.6 7.26602
    endloop
  endfacet
  facet normal -0 0.660628 0.750714
    outer loop
      vertex 84.8 101.491 5.60665
      vertex 88 101.393 5.69289
      vertex 88 101.491 5.60665
    endloop
  endfacet
  facet normal 0 0.660628 0.750714
    outer loop
      vertex 88 101.393 5.69289
      vertex 84.8 101.491 5.60665
      vertex 84.8 101.393 5.69289
    endloop
  endfacet
  facet normal 0 0.830308 0.557305
    outer loop
      vertex 88 101.307 5.79124
      vertex 84.8 101.234 5.9
      vertex 88 101.234 5.9
    endloop
  endfacet
  facet normal 0 0.830308 0.557305
    outer loop
      vertex 84.8 101.234 5.9
      vertex 88 101.307 5.79124
      vertex 84.8 101.307 5.79124
    endloop
  endfacet
  facet normal -0 0.443225 0.89641
    outer loop
      vertex 84.8 101.717 5.47612
      vertex 88 101.6 5.53397
      vertex 88 101.717 5.47612
    endloop
  endfacet
  facet normal 0 0.443225 0.89641
    outer loop
      vertex 88 101.6 5.53397
      vertex 84.8 101.717 5.47612
      vertex 84.8 101.6 5.53397
    endloop
  endfacet
  facet normal 0 0.947034 -0.321132
    outer loop
      vertex 88 101.134 6.65882
      vertex 84.8 101.176 6.78268
      vertex 88 101.176 6.78268
    endloop
  endfacet
  facet normal 0 0.947034 -0.321132
    outer loop
      vertex 84.8 101.176 6.78268
      vertex 88 101.134 6.65882
      vertex 84.8 101.134 6.65882
    endloop
  endfacet
  facet normal 0 0.997631 -0.0687864
    outer loop
      vertex 88 101.1 6.4
      vertex 84.8 101.109 6.53053
      vertex 88 101.109 6.53053
    endloop
  endfacet
  facet normal 0 0.997631 -0.0687864
    outer loop
      vertex 84.8 101.109 6.53053
      vertex 88 101.1 6.4
      vertex 84.8 101.1 6.4
    endloop
  endfacet
  facet normal 0 0.75279 -0.658261
    outer loop
      vertex 88 101.307 7.00876
      vertex 84.8 101.393 7.10711
      vertex 88 101.393 7.10711
    endloop
  endfacet
  facet normal 0 0.75279 -0.658261
    outer loop
      vertex 84.8 101.393 7.10711
      vertex 88 101.307 7.00876
      vertex 84.8 101.307 7.00876
    endloop
  endfacet
  facet normal 0 0.896435 0.443175
    outer loop
      vertex 88 101.234 5.9
      vertex 84.8 101.176 6.01732
      vertex 88 101.176 6.01732
    endloop
  endfacet
  facet normal 0 0.896435 0.443175
    outer loop
      vertex 84.8 101.176 6.01732
      vertex 88 101.234 5.9
      vertex 84.8 101.234 5.9
    endloop
  endfacet
  facet normal 0 0.896435 -0.443175
    outer loop
      vertex 88 101.176 6.78268
      vertex 84.8 101.234 6.9
      vertex 88 101.234 6.9
    endloop
  endfacet
  facet normal 0 0.896435 -0.443175
    outer loop
      vertex 84.8 101.234 6.9
      vertex 88 101.176 6.78268
      vertex 84.8 101.176 6.78268
    endloop
  endfacet
  facet normal 0 -0.195453 -0.980713
    outer loop
      vertex 84.8 102.231 7.39144
      vertex 88 102.359 7.36593
      vertex 88 102.231 7.39144
    endloop
  endfacet
  facet normal -0 -0.195453 -0.980713
    outer loop
      vertex 88 102.359 7.36593
      vertex 84.8 102.231 7.39144
      vertex 84.8 102.359 7.36593
    endloop
  endfacet
  facet normal 0 0.830308 -0.557305
    outer loop
      vertex 88 101.234 6.9
      vertex 84.8 101.307 7.00876
      vertex 88 101.307 7.00876
    endloop
  endfacet
  facet normal 0 0.830308 -0.557305
    outer loop
      vertex 84.8 101.307 7.00876
      vertex 88 101.234 6.9
      vertex 84.8 101.234 6.9
    endloop
  endfacet
  facet normal -0 0.195028 0.980798
    outer loop
      vertex 1.5 9.51947 5.40856
      vertex 4.7 9.39118 5.43407
      vertex 4.7 9.51947 5.40856
    endloop
  endfacet
  facet normal 0 0.195028 0.980798
    outer loop
      vertex 4.7 9.39118 5.43407
      vertex 1.5 9.51947 5.40856
      vertex 1.5 9.39118 5.43407
    endloop
  endfacet
  facet normal 0 0.997857 0.0654382
    outer loop
      vertex 4.7 8.65856 6.26947
      vertex 1.5 8.65 6.4
      vertex 4.7 8.65 6.4
    endloop
  endfacet
  facet normal 0 0.997857 0.0654382
    outer loop
      vertex 1.5 8.65 6.4
      vertex 4.7 8.65856 6.26947
      vertex 1.5 8.65856 6.26947
    endloop
  endfacet
  facet normal 0 -0.947034 0.321132
    outer loop
      vertex 1.5 10.5739 6.01732
      vertex 4.7 10.6159 6.14118
      vertex 1.5 10.6159 6.14118
    endloop
  endfacet
  facet normal 0 -0.947034 0.321132
    outer loop
      vertex 4.7 10.6159 6.14118
      vertex 1.5 10.5739 6.01732
      vertex 4.7 10.5739 6.01732
    endloop
  endfacet
  facet normal 0 0.997857 -0.0654382
    outer loop
      vertex 4.7 8.65 6.4
      vertex 1.5 8.65856 6.53053
      vertex 4.7 8.65856 6.53053
    endloop
  endfacet
  facet normal 0 0.997857 -0.0654382
    outer loop
      vertex 1.5 8.65856 6.53053
      vertex 4.7 8.65 6.4
      vertex 1.5 8.65 6.4
    endloop
  endfacet
  facet normal 0 -0.0654382 0.997857
    outer loop
      vertex 1.5 9.78053 5.40856
      vertex 4.7 9.65 5.4
      vertex 4.7 9.78053 5.40856
    endloop
  endfacet
  facet normal 0 -0.0654382 0.997857
    outer loop
      vertex 4.7 9.65 5.4
      vertex 1.5 9.78053 5.40856
      vertex 1.5 9.65 5.4
    endloop
  endfacet
  facet normal 0 -0.442314 0.89686
    outer loop
      vertex 1.5 10.15 5.53397
      vertex 4.7 10.0327 5.47612
      vertex 4.7 10.15 5.53397
    endloop
  endfacet
  facet normal 0 -0.442314 0.89686
    outer loop
      vertex 4.7 10.0327 5.47612
      vertex 1.5 10.15 5.53397
      vertex 1.5 10.0327 5.47612
    endloop
  endfacet
  facet normal 0 0.442314 -0.89686
    outer loop
      vertex 1.5 9.15 7.26602
      vertex 4.7 9.26732 7.32388
      vertex 4.7 9.15 7.26602
    endloop
  endfacet
  facet normal 0 0.442314 -0.89686
    outer loop
      vertex 4.7 9.26732 7.32388
      vertex 1.5 9.15 7.26602
      vertex 1.5 9.26732 7.32388
    endloop
  endfacet
  facet normal 0 -0.751653 0.659559
    outer loop
      vertex 1.5 10.3571 5.69289
      vertex 4.7 10.4434 5.79124
      vertex 1.5 10.4434 5.79124
    endloop
  endfacet
  facet normal 0 -0.751653 0.659559
    outer loop
      vertex 4.7 10.4434 5.79124
      vertex 1.5 10.3571 5.69289
      vertex 4.7 10.3571 5.69289
    endloop
  endfacet
  facet normal 0 -0.659489 -0.751714
    outer loop
      vertex 1.5 10.2588 7.19335
      vertex 4.7 10.3571 7.10711
      vertex 4.7 10.2588 7.19335
    endloop
  endfacet
  facet normal -0 -0.659489 -0.751714
    outer loop
      vertex 4.7 10.3571 7.10711
      vertex 1.5 10.2588 7.19335
      vertex 1.5 10.3571 7.10711
    endloop
  endfacet
  facet normal 0 -0.831721 0.555194
    outer loop
      vertex 1.5 10.4434 5.79124
      vertex 4.7 10.516 5.9
      vertex 1.5 10.516 5.9
    endloop
  endfacet
  facet normal 0 -0.831721 0.555194
    outer loop
      vertex 4.7 10.516 5.9
      vertex 1.5 10.4434 5.79124
      vertex 4.7 10.4434 5.79124
    endloop
  endfacet
  facet normal 0 -0.997837 0.0657427
    outer loop
      vertex 1.5 10.6414 6.26947
      vertex 4.7 10.65 6.4
      vertex 1.5 10.65 6.4
    endloop
  endfacet
  facet normal 0 -0.997837 0.0657427
    outer loop
      vertex 4.7 10.65 6.4
      vertex 1.5 10.6414 6.26947
      vertex 4.7 10.6414 6.26947
    endloop
  endfacet
  facet normal -0 0.6593 0.75188
    outer loop
      vertex 1.5 9.04124 5.60665
      vertex 4.7 8.94289 5.69289
      vertex 4.7 9.04124 5.60665
    endloop
  endfacet
  facet normal 0 0.6593 0.75188
    outer loop
      vertex 4.7 8.94289 5.69289
      vertex 1.5 9.04124 5.60665
      vertex 1.5 8.94289 5.69289
    endloop
  endfacet
  facet normal -0 0.555617 0.831438
    outer loop
      vertex 1.5 9.15 5.53397
      vertex 4.7 9.04124 5.60665
      vertex 4.7 9.15 5.53397
    endloop
  endfacet
  facet normal 0 0.555617 0.831438
    outer loop
      vertex 4.7 9.04124 5.60665
      vertex 1.5 9.15 5.53397
      vertex 1.5 9.04124 5.60665
    endloop
  endfacet
  facet normal 0 0.75188 -0.6593
    outer loop
      vertex 4.7 8.85665 7.00876
      vertex 1.5 8.94289 7.10711
      vertex 4.7 8.94289 7.10711
    endloop
  endfacet
  facet normal 0 0.75188 -0.6593
    outer loop
      vertex 1.5 8.94289 7.10711
      vertex 4.7 8.85665 7.00876
      vertex 1.5 8.85665 7.00876
    endloop
  endfacet
  facet normal 0 0.946918 0.321475
    outer loop
      vertex 4.7 8.72612 6.01732
      vertex 1.5 8.68407 6.14118
      vertex 4.7 8.68407 6.14118
    endloop
  endfacet
  facet normal 0 0.946918 0.321475
    outer loop
      vertex 1.5 8.68407 6.14118
      vertex 4.7 8.72612 6.01732
      vertex 1.5 8.72612 6.01732
    endloop
  endfacet
  facet normal 0 0.555564 -0.831474
    outer loop
      vertex 1.5 9.04124 7.19335
      vertex 4.7 9.15 7.26602
      vertex 4.7 9.04124 7.19335
    endloop
  endfacet
  facet normal 0 0.555564 -0.831474
    outer loop
      vertex 4.7 9.15 7.26602
      vertex 1.5 9.04124 7.19335
      vertex 1.5 9.15 7.26602
    endloop
  endfacet
  facet normal 0 0.0654382 -0.997857
    outer loop
      vertex 1.5 9.51947 7.39144
      vertex 4.7 9.65 7.4
      vertex 4.7 9.51947 7.39144
    endloop
  endfacet
  facet normal 0 0.0654382 -0.997857
    outer loop
      vertex 4.7 9.65 7.4
      vertex 1.5 9.51947 7.39144
      vertex 1.5 9.65 7.4
    endloop
  endfacet
  facet normal 0 -0.195028 0.980798
    outer loop
      vertex 1.5 9.90882 5.43407
      vertex 4.7 9.78053 5.40856
      vertex 4.7 9.90882 5.43407
    endloop
  endfacet
  facet normal 0 -0.195028 0.980798
    outer loop
      vertex 4.7 9.78053 5.40856
      vertex 1.5 9.90882 5.43407
      vertex 1.5 9.78053 5.40856
    endloop
  endfacet
  facet normal 0 -0.195028 -0.980798
    outer loop
      vertex 1.5 9.78053 7.39144
      vertex 4.7 9.90882 7.36593
      vertex 4.7 9.78053 7.39144
    endloop
  endfacet
  facet normal -0 -0.195028 -0.980798
    outer loop
      vertex 4.7 9.90882 7.36593
      vertex 1.5 9.78053 7.39144
      vertex 1.5 9.90882 7.36593
    endloop
  endfacet
  facet normal 0 -0.751653 -0.659559
    outer loop
      vertex 1.5 10.4434 7.00876
      vertex 4.7 10.3571 7.10711
      vertex 1.5 10.3571 7.10711
    endloop
  endfacet
  facet normal 0 -0.751653 -0.659559
    outer loop
      vertex 4.7 10.3571 7.10711
      vertex 1.5 10.4434 7.00876
      vertex 4.7 10.4434 7.00876
    endloop
  endfacet
  facet normal 0 -0.555476 0.831533
    outer loop
      vertex 1.5 10.2588 5.60665
      vertex 4.7 10.15 5.53397
      vertex 4.7 10.2588 5.60665
    endloop
  endfacet
  facet normal 0 -0.555476 0.831533
    outer loop
      vertex 4.7 10.15 5.53397
      vertex 1.5 10.2588 5.60665
      vertex 1.5 10.15 5.53397
    endloop
  endfacet
  facet normal 0 -0.555423 -0.831568
    outer loop
      vertex 1.5 10.15 7.26602
      vertex 4.7 10.2588 7.19335
      vertex 4.7 10.15 7.26602
    endloop
  endfacet
  facet normal -0 -0.555423 -0.831568
    outer loop
      vertex 4.7 10.2588 7.19335
      vertex 1.5 10.15 7.26602
      vertex 1.5 10.2588 7.19335
    endloop
  endfacet
  facet normal 0 0.831438 0.555617
    outer loop
      vertex 4.7 8.85665 5.79124
      vertex 1.5 8.78397 5.9
      vertex 4.7 8.78397 5.9
    endloop
  endfacet
  facet normal 0 0.831438 0.555617
    outer loop
      vertex 1.5 8.78397 5.9
      vertex 4.7 8.85665 5.79124
      vertex 1.5 8.85665 5.79124
    endloop
  endfacet
  facet normal -0 0.0654382 0.997857
    outer loop
      vertex 1.5 9.65 5.4
      vertex 4.7 9.51947 5.40856
      vertex 4.7 9.65 5.4
    endloop
  endfacet
  facet normal 0 0.0654382 0.997857
    outer loop
      vertex 4.7 9.51947 5.40856
      vertex 1.5 9.65 5.4
      vertex 1.5 9.51947 5.40856
    endloop
  endfacet
  facet normal 0 0.831438 -0.555617
    outer loop
      vertex 4.7 8.78397 6.9
      vertex 1.5 8.85665 7.00876
      vertex 4.7 8.85665 7.00876
    endloop
  endfacet
  facet normal 0 0.831438 -0.555617
    outer loop
      vertex 1.5 8.85665 7.00876
      vertex 4.7 8.78397 6.9
      vertex 1.5 8.78397 6.9
    endloop
  endfacet
  facet normal 0 -0.831721 -0.555194
    outer loop
      vertex 1.5 10.516 6.9
      vertex 4.7 10.4434 7.00876
      vertex 1.5 10.4434 7.00876
    endloop
  endfacet
  facet normal 0 -0.831721 -0.555194
    outer loop
      vertex 4.7 10.4434 7.00876
      vertex 1.5 10.516 6.9
      vertex 4.7 10.516 6.9
    endloop
  endfacet
  facet normal -0 0.442253 0.89689
    outer loop
      vertex 1.5 9.26732 5.47612
      vertex 4.7 9.15 5.53397
      vertex 4.7 9.26732 5.47612
    endloop
  endfacet
  facet normal 0 0.442253 0.89689
    outer loop
      vertex 4.7 9.15 5.53397
      vertex 1.5 9.26732 5.47612
      vertex 1.5 9.15 5.53397
    endloop
  endfacet
  facet normal 0 -0.947034 -0.321132
    outer loop
      vertex 1.5 10.6159 6.65882
      vertex 4.7 10.5739 6.78268
      vertex 1.5 10.5739 6.78268
    endloop
  endfacet
  facet normal 0 -0.947034 -0.321132
    outer loop
      vertex 4.7 10.5739 6.78268
      vertex 1.5 10.6159 6.65882
      vertex 4.7 10.6159 6.65882
    endloop
  endfacet
  facet normal 0 0.980798 0.195028
    outer loop
      vertex 4.7 8.68407 6.14118
      vertex 1.5 8.65856 6.26947
      vertex 4.7 8.65856 6.26947
    endloop
  endfacet
  facet normal 0 0.980798 0.195028
    outer loop
      vertex 1.5 8.65856 6.26947
      vertex 4.7 8.68407 6.14118
      vertex 1.5 8.68407 6.14118
    endloop
  endfacet
  facet normal 0 0.946918 -0.321475
    outer loop
      vertex 4.7 8.68407 6.65882
      vertex 1.5 8.72612 6.78268
      vertex 4.7 8.72612 6.78268
    endloop
  endfacet
  facet normal 0 0.946918 -0.321475
    outer loop
      vertex 1.5 8.72612 6.78268
      vertex 4.7 8.68407 6.65882
      vertex 1.5 8.68407 6.65882
    endloop
  endfacet
  facet normal 0 -0.659489 0.751714
    outer loop
      vertex 1.5 10.3571 5.69289
      vertex 4.7 10.2588 5.60665
      vertex 4.7 10.3571 5.69289
    endloop
  endfacet
  facet normal 0 -0.659489 0.751714
    outer loop
      vertex 4.7 10.2588 5.60665
      vertex 1.5 10.3571 5.69289
      vertex 1.5 10.2588 5.60665
    endloop
  endfacet
  facet normal 0 0.321475 -0.946918
    outer loop
      vertex 1.5 9.26732 7.32388
      vertex 4.7 9.39118 7.36593
      vertex 4.7 9.26732 7.32388
    endloop
  endfacet
  facet normal 0 0.321475 -0.946918
    outer loop
      vertex 4.7 9.39118 7.36593
      vertex 1.5 9.26732 7.32388
      vertex 1.5 9.39118 7.36593
    endloop
  endfacet
  facet normal 0 0.6593 -0.75188
    outer loop
      vertex 1.5 8.94289 7.10711
      vertex 4.7 9.04124 7.19335
      vertex 4.7 8.94289 7.10711
    endloop
  endfacet
  facet normal 0 0.6593 -0.75188
    outer loop
      vertex 4.7 9.04124 7.19335
      vertex 1.5 8.94289 7.10711
      vertex 1.5 9.04124 7.19335
    endloop
  endfacet
  facet normal 0 -0.980812 0.194955
    outer loop
      vertex 1.5 10.6159 6.14118
      vertex 4.7 10.6414 6.26947
      vertex 1.5 10.6414 6.26947
    endloop
  endfacet
  facet normal 0 -0.980812 0.194955
    outer loop
      vertex 4.7 10.6414 6.26947
      vertex 1.5 10.6159 6.14118
      vertex 4.7 10.6159 6.14118
    endloop
  endfacet
  facet normal 0 0.980798 -0.195028
    outer loop
      vertex 4.7 8.65856 6.53053
      vertex 1.5 8.68407 6.65882
      vertex 4.7 8.68407 6.65882
    endloop
  endfacet
  facet normal 0 0.980798 -0.195028
    outer loop
      vertex 1.5 8.68407 6.65882
      vertex 4.7 8.65856 6.53053
      vertex 1.5 8.65856 6.53053
    endloop
  endfacet
  facet normal 0 0.195028 -0.980798
    outer loop
      vertex 1.5 9.39118 7.36593
      vertex 4.7 9.51947 7.39144
      vertex 4.7 9.39118 7.36593
    endloop
  endfacet
  facet normal 0 0.195028 -0.980798
    outer loop
      vertex 4.7 9.51947 7.39144
      vertex 1.5 9.39118 7.36593
      vertex 1.5 9.51947 7.39144
    endloop
  endfacet
  facet normal 0 -0.321429 -0.946934
    outer loop
      vertex 1.5 9.90882 7.36593
      vertex 4.7 10.0327 7.32388
      vertex 4.7 9.90882 7.36593
    endloop
  endfacet
  facet normal -0 -0.321429 -0.946934
    outer loop
      vertex 4.7 10.0327 7.32388
      vertex 1.5 9.90882 7.36593
      vertex 1.5 10.0327 7.32388
    endloop
  endfacet
  facet normal 0 -0.896739 0.44256
    outer loop
      vertex 1.5 10.516 5.9
      vertex 4.7 10.5739 6.01732
      vertex 1.5 10.5739 6.01732
    endloop
  endfacet
  facet normal 0 -0.896739 0.44256
    outer loop
      vertex 4.7 10.5739 6.01732
      vertex 1.5 10.516 5.9
      vertex 4.7 10.516 5.9
    endloop
  endfacet
  facet normal 0 -0.980812 -0.194955
    outer loop
      vertex 1.5 10.6414 6.53053
      vertex 4.7 10.6159 6.65882
      vertex 1.5 10.6159 6.65882
    endloop
  endfacet
  facet normal 0 -0.980812 -0.194955
    outer loop
      vertex 4.7 10.6159 6.65882
      vertex 1.5 10.6414 6.53053
      vertex 4.7 10.6414 6.53053
    endloop
  endfacet
  facet normal 0 -0.321429 0.946934
    outer loop
      vertex 1.5 10.0327 5.47612
      vertex 4.7 9.90882 5.43407
      vertex 4.7 10.0327 5.47612
    endloop
  endfacet
  facet normal 0 -0.321429 0.946934
    outer loop
      vertex 4.7 9.90882 5.43407
      vertex 1.5 10.0327 5.47612
      vertex 1.5 9.90882 5.43407
    endloop
  endfacet
  facet normal 0 0.89689 0.442253
    outer loop
      vertex 4.7 8.78397 5.9
      vertex 1.5 8.72612 6.01732
      vertex 4.7 8.72612 6.01732
    endloop
  endfacet
  facet normal 0 0.89689 0.442253
    outer loop
      vertex 1.5 8.72612 6.01732
      vertex 4.7 8.78397 5.9
      vertex 1.5 8.78397 5.9
    endloop
  endfacet
  facet normal -0 0.321475 0.946918
    outer loop
      vertex 1.5 9.39118 5.43407
      vertex 4.7 9.26732 5.47612
      vertex 4.7 9.39118 5.43407
    endloop
  endfacet
  facet normal 0 0.321475 0.946918
    outer loop
      vertex 4.7 9.26732 5.47612
      vertex 1.5 9.39118 5.43407
      vertex 1.5 9.26732 5.47612
    endloop
  endfacet
  facet normal 0 -0.0654382 -0.997857
    outer loop
      vertex 1.5 9.65 7.4
      vertex 4.7 9.78053 7.39144
      vertex 4.7 9.65 7.4
    endloop
  endfacet
  facet normal -0 -0.0654382 -0.997857
    outer loop
      vertex 4.7 9.78053 7.39144
      vertex 1.5 9.65 7.4
      vertex 1.5 9.78053 7.39144
    endloop
  endfacet
  facet normal 0 -0.997837 -0.0657427
    outer loop
      vertex 1.5 10.65 6.4
      vertex 4.7 10.6414 6.53053
      vertex 1.5 10.6414 6.53053
    endloop
  endfacet
  facet normal 0 -0.997837 -0.0657427
    outer loop
      vertex 4.7 10.6414 6.53053
      vertex 1.5 10.65 6.4
      vertex 4.7 10.65 6.4
    endloop
  endfacet
  facet normal 0 -0.896739 -0.44256
    outer loop
      vertex 1.5 10.5739 6.78268
      vertex 4.7 10.516 6.9
      vertex 1.5 10.516 6.9
    endloop
  endfacet
  facet normal 0 -0.896739 -0.44256
    outer loop
      vertex 4.7 10.516 6.9
      vertex 1.5 10.5739 6.78268
      vertex 4.7 10.5739 6.78268
    endloop
  endfacet
  facet normal 0 -0.442375 -0.89683
    outer loop
      vertex 1.5 10.0327 7.32388
      vertex 4.7 10.15 7.26602
      vertex 4.7 10.0327 7.32388
    endloop
  endfacet
  facet normal -0 -0.442375 -0.89683
    outer loop
      vertex 4.7 10.15 7.26602
      vertex 1.5 10.0327 7.32388
      vertex 1.5 10.15 7.26602
    endloop
  endfacet
  facet normal 0 0.89689 -0.442253
    outer loop
      vertex 4.7 8.72612 6.78268
      vertex 1.5 8.78397 6.9
      vertex 4.7 8.78397 6.9
    endloop
  endfacet
  facet normal 0 0.89689 -0.442253
    outer loop
      vertex 1.5 8.78397 6.9
      vertex 4.7 8.72612 6.78268
      vertex 1.5 8.72612 6.78268
    endloop
  endfacet
  facet normal 0 0.75188 0.6593
    outer loop
      vertex 4.7 8.94289 5.69289
      vertex 1.5 8.85665 5.79124
      vertex 4.7 8.85665 5.79124
    endloop
  endfacet
  facet normal 0 0.75188 0.6593
    outer loop
      vertex 1.5 8.85665 5.79124
      vertex 4.7 8.94289 5.69289
      vertex 1.5 8.94289 5.69289
    endloop
  endfacet
  facet normal 0 0.980798 0.195028
    outer loop
      vertex 88 8.68407 6.14118
      vertex 84.8 8.65856 6.26947
      vertex 88 8.65856 6.26947
    endloop
  endfacet
  facet normal 0 0.980798 0.195028
    outer loop
      vertex 84.8 8.65856 6.26947
      vertex 88 8.68407 6.14118
      vertex 84.8 8.68407 6.14118
    endloop
  endfacet
  facet normal 0 0.75188 -0.6593
    outer loop
      vertex 88 8.85665 7.00876
      vertex 84.8 8.94289 7.10711
      vertex 88 8.94289 7.10711
    endloop
  endfacet
  facet normal 0 0.75188 -0.6593
    outer loop
      vertex 84.8 8.94289 7.10711
      vertex 88 8.85665 7.00876
      vertex 84.8 8.85665 7.00876
    endloop
  endfacet
  facet normal 0 -0.442314 0.89686
    outer loop
      vertex 84.8 10.15 5.53397
      vertex 88 10.0327 5.47612
      vertex 88 10.15 5.53397
    endloop
  endfacet
  facet normal 0 -0.442314 0.89686
    outer loop
      vertex 88 10.0327 5.47612
      vertex 84.8 10.15 5.53397
      vertex 84.8 10.0327 5.47612
    endloop
  endfacet
  facet normal 0 -0.195028 0.980798
    outer loop
      vertex 84.8 9.90882 5.43407
      vertex 88 9.78053 5.40856
      vertex 88 9.90882 5.43407
    endloop
  endfacet
  facet normal 0 -0.195028 0.980798
    outer loop
      vertex 88 9.78053 5.40856
      vertex 84.8 9.90882 5.43407
      vertex 84.8 9.78053 5.40856
    endloop
  endfacet
  facet normal 0 -0.659489 0.751714
    outer loop
      vertex 84.8 10.3571 5.69289
      vertex 88 10.2588 5.60665
      vertex 88 10.3571 5.69289
    endloop
  endfacet
  facet normal 0 -0.659489 0.751714
    outer loop
      vertex 88 10.2588 5.60665
      vertex 84.8 10.3571 5.69289
      vertex 84.8 10.2588 5.60665
    endloop
  endfacet
  facet normal 0 -0.751653 -0.659559
    outer loop
      vertex 84.8 10.4434 7.00876
      vertex 88 10.3571 7.10711
      vertex 84.8 10.3571 7.10711
    endloop
  endfacet
  facet normal 0 -0.751653 -0.659559
    outer loop
      vertex 88 10.3571 7.10711
      vertex 84.8 10.4434 7.00876
      vertex 88 10.4434 7.00876
    endloop
  endfacet
  facet normal -0 0.555617 0.831438
    outer loop
      vertex 84.8 9.15 5.53397
      vertex 88 9.04124 5.60665
      vertex 88 9.15 5.53397
    endloop
  endfacet
  facet normal 0 0.555617 0.831438
    outer loop
      vertex 88 9.04124 5.60665
      vertex 84.8 9.15 5.53397
      vertex 84.8 9.04124 5.60665
    endloop
  endfacet
  facet normal 0 -0.751653 0.659559
    outer loop
      vertex 84.8 10.3571 5.69289
      vertex 88 10.4434 5.79124
      vertex 84.8 10.4434 5.79124
    endloop
  endfacet
  facet normal 0 -0.751653 0.659559
    outer loop
      vertex 88 10.4434 5.79124
      vertex 84.8 10.3571 5.69289
      vertex 88 10.3571 5.69289
    endloop
  endfacet
  facet normal -0 0.6593 0.75188
    outer loop
      vertex 84.8 9.04124 5.60665
      vertex 88 8.94289 5.69289
      vertex 88 9.04124 5.60665
    endloop
  endfacet
  facet normal 0 0.6593 0.75188
    outer loop
      vertex 88 8.94289 5.69289
      vertex 84.8 9.04124 5.60665
      vertex 84.8 8.94289 5.69289
    endloop
  endfacet
  facet normal 0 -0.896739 -0.44256
    outer loop
      vertex 84.8 10.5739 6.78268
      vertex 88 10.516 6.9
      vertex 84.8 10.516 6.9
    endloop
  endfacet
  facet normal 0 -0.896739 -0.44256
    outer loop
      vertex 88 10.516 6.9
      vertex 84.8 10.5739 6.78268
      vertex 88 10.5739 6.78268
    endloop
  endfacet
  facet normal 0 -0.980812 0.194955
    outer loop
      vertex 84.8 10.6159 6.14118
      vertex 88 10.6414 6.26947
      vertex 84.8 10.6414 6.26947
    endloop
  endfacet
  facet normal 0 -0.980812 0.194955
    outer loop
      vertex 88 10.6414 6.26947
      vertex 84.8 10.6159 6.14118
      vertex 88 10.6159 6.14118
    endloop
  endfacet
  facet normal 0 -0.0654382 0.997857
    outer loop
      vertex 84.8 9.78053 5.40856
      vertex 88 9.65 5.4
      vertex 88 9.78053 5.40856
    endloop
  endfacet
  facet normal 0 -0.0654382 0.997857
    outer loop
      vertex 88 9.65 5.4
      vertex 84.8 9.78053 5.40856
      vertex 84.8 9.65 5.4
    endloop
  endfacet
  facet normal 0 -0.997837 -0.0657427
    outer loop
      vertex 84.8 10.65 6.4
      vertex 88 10.6414 6.53053
      vertex 84.8 10.6414 6.53053
    endloop
  endfacet
  facet normal 0 -0.997837 -0.0657427
    outer loop
      vertex 88 10.6414 6.53053
      vertex 84.8 10.65 6.4
      vertex 88 10.65 6.4
    endloop
  endfacet
  facet normal 0 -0.947034 -0.321132
    outer loop
      vertex 84.8 10.6159 6.65882
      vertex 88 10.5739 6.78268
      vertex 84.8 10.5739 6.78268
    endloop
  endfacet
  facet normal 0 -0.947034 -0.321132
    outer loop
      vertex 88 10.5739 6.78268
      vertex 84.8 10.6159 6.65882
      vertex 88 10.6159 6.65882
    endloop
  endfacet
  facet normal -0 0.442253 0.89689
    outer loop
      vertex 84.8 9.26732 5.47612
      vertex 88 9.15 5.53397
      vertex 88 9.26732 5.47612
    endloop
  endfacet
  facet normal 0 0.442253 0.89689
    outer loop
      vertex 88 9.15 5.53397
      vertex 84.8 9.26732 5.47612
      vertex 84.8 9.15 5.53397
    endloop
  endfacet
  facet normal -0 0.0654382 0.997857
    outer loop
      vertex 84.8 9.65 5.4
      vertex 88 9.51947 5.40856
      vertex 88 9.65 5.4
    endloop
  endfacet
  facet normal 0 0.0654382 0.997857
    outer loop
      vertex 88 9.51947 5.40856
      vertex 84.8 9.65 5.4
      vertex 84.8 9.51947 5.40856
    endloop
  endfacet
  facet normal 0 0.997857 0.0654382
    outer loop
      vertex 88 8.65856 6.26947
      vertex 84.8 8.65 6.4
      vertex 88 8.65 6.4
    endloop
  endfacet
  facet normal 0 0.997857 0.0654382
    outer loop
      vertex 84.8 8.65 6.4
      vertex 88 8.65856 6.26947
      vertex 84.8 8.65856 6.26947
    endloop
  endfacet
  facet normal 0 -0.831721 0.555194
    outer loop
      vertex 84.8 10.4434 5.79124
      vertex 88 10.516 5.9
      vertex 84.8 10.516 5.9
    endloop
  endfacet
  facet normal 0 -0.831721 0.555194
    outer loop
      vertex 88 10.516 5.9
      vertex 84.8 10.4434 5.79124
      vertex 88 10.4434 5.79124
    endloop
  endfacet
  facet normal 0 0.946918 -0.321475
    outer loop
      vertex 88 8.68407 6.65882
      vertex 84.8 8.72612 6.78268
      vertex 88 8.72612 6.78268
    endloop
  endfacet
  facet normal 0 0.946918 -0.321475
    outer loop
      vertex 84.8 8.72612 6.78268
      vertex 88 8.68407 6.65882
      vertex 84.8 8.68407 6.65882
    endloop
  endfacet
  facet normal 0 0.997857 -0.0654382
    outer loop
      vertex 88 8.65 6.4
      vertex 84.8 8.65856 6.53053
      vertex 88 8.65856 6.53053
    endloop
  endfacet
  facet normal 0 0.997857 -0.0654382
    outer loop
      vertex 84.8 8.65856 6.53053
      vertex 88 8.65 6.4
      vertex 84.8 8.65 6.4
    endloop
  endfacet
  facet normal 0 -0.896739 0.44256
    outer loop
      vertex 84.8 10.516 5.9
      vertex 88 10.5739 6.01732
      vertex 84.8 10.5739 6.01732
    endloop
  endfacet
  facet normal 0 -0.896739 0.44256
    outer loop
      vertex 88 10.5739 6.01732
      vertex 84.8 10.516 5.9
      vertex 88 10.516 5.9
    endloop
  endfacet
  facet normal 0 -0.321429 -0.946934
    outer loop
      vertex 84.8 9.90882 7.36593
      vertex 88 10.0327 7.32388
      vertex 88 9.90882 7.36593
    endloop
  endfacet
  facet normal -0 -0.321429 -0.946934
    outer loop
      vertex 88 10.0327 7.32388
      vertex 84.8 9.90882 7.36593
      vertex 84.8 10.0327 7.32388
    endloop
  endfacet
  facet normal 0 0.89689 -0.442253
    outer loop
      vertex 88 8.72612 6.78268
      vertex 84.8 8.78397 6.9
      vertex 88 8.78397 6.9
    endloop
  endfacet
  facet normal 0 0.89689 -0.442253
    outer loop
      vertex 84.8 8.78397 6.9
      vertex 88 8.72612 6.78268
      vertex 84.8 8.72612 6.78268
    endloop
  endfacet
  facet normal 0 0.6593 -0.75188
    outer loop
      vertex 84.8 8.94289 7.10711
      vertex 88 9.04124 7.19335
      vertex 88 8.94289 7.10711
    endloop
  endfacet
  facet normal 0 0.6593 -0.75188
    outer loop
      vertex 88 9.04124 7.19335
      vertex 84.8 8.94289 7.10711
      vertex 84.8 9.04124 7.19335
    endloop
  endfacet
  facet normal 0 -0.555476 0.831533
    outer loop
      vertex 84.8 10.2588 5.60665
      vertex 88 10.15 5.53397
      vertex 88 10.2588 5.60665
    endloop
  endfacet
  facet normal 0 -0.555476 0.831533
    outer loop
      vertex 88 10.15 5.53397
      vertex 84.8 10.2588 5.60665
      vertex 84.8 10.15 5.53397
    endloop
  endfacet
  facet normal 0 -0.947034 0.321132
    outer loop
      vertex 84.8 10.5739 6.01732
      vertex 88 10.6159 6.14118
      vertex 84.8 10.6159 6.14118
    endloop
  endfacet
  facet normal 0 -0.947034 0.321132
    outer loop
      vertex 88 10.6159 6.14118
      vertex 84.8 10.5739 6.01732
      vertex 88 10.5739 6.01732
    endloop
  endfacet
  facet normal 0 -0.0654382 -0.997857
    outer loop
      vertex 84.8 9.65 7.4
      vertex 88 9.78053 7.39144
      vertex 88 9.65 7.4
    endloop
  endfacet
  facet normal -0 -0.0654382 -0.997857
    outer loop
      vertex 88 9.78053 7.39144
      vertex 84.8 9.65 7.4
      vertex 84.8 9.78053 7.39144
    endloop
  endfacet
  facet normal 0 0.321475 -0.946918
    outer loop
      vertex 84.8 9.26732 7.32388
      vertex 88 9.39118 7.36593
      vertex 88 9.26732 7.32388
    endloop
  endfacet
  facet normal 0 0.321475 -0.946918
    outer loop
      vertex 88 9.39118 7.36593
      vertex 84.8 9.26732 7.32388
      vertex 84.8 9.39118 7.36593
    endloop
  endfacet
  facet normal 0 -0.980812 -0.194955
    outer loop
      vertex 84.8 10.6414 6.53053
      vertex 88 10.6159 6.65882
      vertex 84.8 10.6159 6.65882
    endloop
  endfacet
  facet normal 0 -0.980812 -0.194955
    outer loop
      vertex 88 10.6159 6.65882
      vertex 84.8 10.6414 6.53053
      vertex 88 10.6414 6.53053
    endloop
  endfacet
  facet normal 0 0.946918 0.321475
    outer loop
      vertex 88 8.72612 6.01732
      vertex 84.8 8.68407 6.14118
      vertex 88 8.68407 6.14118
    endloop
  endfacet
  facet normal 0 0.946918 0.321475
    outer loop
      vertex 84.8 8.68407 6.14118
      vertex 88 8.72612 6.01732
      vertex 84.8 8.72612 6.01732
    endloop
  endfacet
  facet normal 0 -0.659489 -0.751714
    outer loop
      vertex 84.8 10.2588 7.19335
      vertex 88 10.3571 7.10711
      vertex 88 10.2588 7.19335
    endloop
  endfacet
  facet normal -0 -0.659489 -0.751714
    outer loop
      vertex 88 10.3571 7.10711
      vertex 84.8 10.2588 7.19335
      vertex 84.8 10.3571 7.10711
    endloop
  endfacet
  facet normal 0 -0.321429 0.946934
    outer loop
      vertex 84.8 10.0327 5.47612
      vertex 88 9.90882 5.43407
      vertex 88 10.0327 5.47612
    endloop
  endfacet
  facet normal 0 -0.321429 0.946934
    outer loop
      vertex 88 9.90882 5.43407
      vertex 84.8 10.0327 5.47612
      vertex 84.8 9.90882 5.43407
    endloop
  endfacet
  facet normal 0 0.442314 -0.89686
    outer loop
      vertex 84.8 9.15 7.26602
      vertex 88 9.26732 7.32388
      vertex 88 9.15 7.26602
    endloop
  endfacet
  facet normal 0 0.442314 -0.89686
    outer loop
      vertex 88 9.26732 7.32388
      vertex 84.8 9.15 7.26602
      vertex 84.8 9.26732 7.32388
    endloop
  endfacet
  facet normal 0 0.89689 0.442253
    outer loop
      vertex 88 8.78397 5.9
      vertex 84.8 8.72612 6.01732
      vertex 88 8.72612 6.01732
    endloop
  endfacet
  facet normal 0 0.89689 0.442253
    outer loop
      vertex 84.8 8.72612 6.01732
      vertex 88 8.78397 5.9
      vertex 84.8 8.78397 5.9
    endloop
  endfacet
  facet normal 0 0.831438 0.555617
    outer loop
      vertex 88 8.85665 5.79124
      vertex 84.8 8.78397 5.9
      vertex 88 8.78397 5.9
    endloop
  endfacet
  facet normal 0 0.831438 0.555617
    outer loop
      vertex 84.8 8.78397 5.9
      vertex 88 8.85665 5.79124
      vertex 84.8 8.85665 5.79124
    endloop
  endfacet
  facet normal -0 0.195028 0.980798
    outer loop
      vertex 84.8 9.51947 5.40856
      vertex 88 9.39118 5.43407
      vertex 88 9.51947 5.40856
    endloop
  endfacet
  facet normal 0 0.195028 0.980798
    outer loop
      vertex 88 9.39118 5.43407
      vertex 84.8 9.51947 5.40856
      vertex 84.8 9.39118 5.43407
    endloop
  endfacet
  facet normal -0 0.321475 0.946918
    outer loop
      vertex 84.8 9.39118 5.43407
      vertex 88 9.26732 5.47612
      vertex 88 9.39118 5.43407
    endloop
  endfacet
  facet normal 0 0.321475 0.946918
    outer loop
      vertex 88 9.26732 5.47612
      vertex 84.8 9.39118 5.43407
      vertex 84.8 9.26732 5.47612
    endloop
  endfacet
  facet normal 0 0.195028 -0.980798
    outer loop
      vertex 84.8 9.39118 7.36593
      vertex 88 9.51947 7.39144
      vertex 88 9.39118 7.36593
    endloop
  endfacet
  facet normal 0 0.195028 -0.980798
    outer loop
      vertex 88 9.51947 7.39144
      vertex 84.8 9.39118 7.36593
      vertex 84.8 9.51947 7.39144
    endloop
  endfacet
  facet normal 0 -0.997837 0.0657427
    outer loop
      vertex 84.8 10.6414 6.26947
      vertex 88 10.65 6.4
      vertex 84.8 10.65 6.4
    endloop
  endfacet
  facet normal 0 -0.997837 0.0657427
    outer loop
      vertex 88 10.65 6.4
      vertex 84.8 10.6414 6.26947
      vertex 88 10.6414 6.26947
    endloop
  endfacet
  facet normal 0 -0.195028 -0.980798
    outer loop
      vertex 84.8 9.78053 7.39144
      vertex 88 9.90882 7.36593
      vertex 88 9.78053 7.39144
    endloop
  endfacet
  facet normal -0 -0.195028 -0.980798
    outer loop
      vertex 88 9.90882 7.36593
      vertex 84.8 9.78053 7.39144
      vertex 84.8 9.90882 7.36593
    endloop
  endfacet
  facet normal 0 -0.555423 -0.831568
    outer loop
      vertex 84.8 10.15 7.26602
      vertex 88 10.2588 7.19335
      vertex 88 10.15 7.26602
    endloop
  endfacet
  facet normal -0 -0.555423 -0.831568
    outer loop
      vertex 88 10.2588 7.19335
      vertex 84.8 10.15 7.26602
      vertex 84.8 10.2588 7.19335
    endloop
  endfacet
  facet normal 0 0.831438 -0.555617
    outer loop
      vertex 88 8.78397 6.9
      vertex 84.8 8.85665 7.00876
      vertex 88 8.85665 7.00876
    endloop
  endfacet
  facet normal 0 0.831438 -0.555617
    outer loop
      vertex 84.8 8.85665 7.00876
      vertex 88 8.78397 6.9
      vertex 84.8 8.78397 6.9
    endloop
  endfacet
  facet normal 0 0.555564 -0.831474
    outer loop
      vertex 84.8 9.04124 7.19335
      vertex 88 9.15 7.26602
      vertex 88 9.04124 7.19335
    endloop
  endfacet
  facet normal 0 0.555564 -0.831474
    outer loop
      vertex 88 9.15 7.26602
      vertex 84.8 9.04124 7.19335
      vertex 84.8 9.15 7.26602
    endloop
  endfacet
  facet normal 0 -0.442375 -0.89683
    outer loop
      vertex 84.8 10.0327 7.32388
      vertex 88 10.15 7.26602
      vertex 88 10.0327 7.32388
    endloop
  endfacet
  facet normal -0 -0.442375 -0.89683
    outer loop
      vertex 88 10.15 7.26602
      vertex 84.8 10.0327 7.32388
      vertex 84.8 10.15 7.26602
    endloop
  endfacet
  facet normal 0 0.0654382 -0.997857
    outer loop
      vertex 84.8 9.51947 7.39144
      vertex 88 9.65 7.4
      vertex 88 9.51947 7.39144
    endloop
  endfacet
  facet normal 0 0.0654382 -0.997857
    outer loop
      vertex 88 9.65 7.4
      vertex 84.8 9.51947 7.39144
      vertex 84.8 9.65 7.4
    endloop
  endfacet
  facet normal 0 -0.831721 -0.555194
    outer loop
      vertex 84.8 10.516 6.9
      vertex 88 10.4434 7.00876
      vertex 84.8 10.4434 7.00876
    endloop
  endfacet
  facet normal 0 -0.831721 -0.555194
    outer loop
      vertex 88 10.4434 7.00876
      vertex 84.8 10.516 6.9
      vertex 88 10.516 6.9
    endloop
  endfacet
  facet normal 0 0.980798 -0.195028
    outer loop
      vertex 88 8.65856 6.53053
      vertex 84.8 8.68407 6.65882
      vertex 88 8.68407 6.65882
    endloop
  endfacet
  facet normal 0 0.980798 -0.195028
    outer loop
      vertex 84.8 8.68407 6.65882
      vertex 88 8.65856 6.53053
      vertex 84.8 8.65856 6.53053
    endloop
  endfacet
  facet normal 0 0.75188 0.6593
    outer loop
      vertex 88 8.94289 5.69289
      vertex 84.8 8.85665 5.79124
      vertex 88 8.85665 5.79124
    endloop
  endfacet
  facet normal 0 0.75188 0.6593
    outer loop
      vertex 84.8 8.85665 5.79124
      vertex 88 8.94289 5.69289
      vertex 84.8 8.94289 5.69289
    endloop
  endfacet
  facet normal -1 0 0
    outer loop
      vertex 74.5 20.5 0
      vertex 74.5 107 2.39
      vertex 74.5 107 0
    endloop
  endfacet
  facet normal -1 -0 0
    outer loop
      vertex 74.5 107 2.39
      vertex 74.5 20.5 0
      vertex 74.5 20.5 2.39
    endloop
  endfacet
  facet normal 1 -0 0
    outer loop
      vertex 9.5 20.5 2.39
      vertex 9.5 107 0
      vertex 9.5 107 2.39
    endloop
  endfacet
  facet normal 1 0 0
    outer loop
      vertex 9.5 107 0
      vertex 9.5 20.5 2.39
      vertex 9.5 20.5 0
    endloop
  endfacet
  facet normal 0 -1 0
    outer loop
      vertex 9.5 107 0
      vertex 74.5 107 2.39
      vertex 9.5 107 2.39
    endloop
  endfacet
  facet normal 0 -1 -0
    outer loop
      vertex 74.5 107 2.39
      vertex 9.5 107 0
      vertex 74.5 107 0
    endloop
  endfacet
  facet normal 0 1 -0
    outer loop
      vertex 74.5 20.5 0
      vertex 9.5 20.5 2.39
      vertex 74.5 20.5 2.39
    endloop
  endfacet
  facet normal 0 1 0
    outer loop
      vertex 9.5 20.5 2.39
      vertex 74.5 20.5 0
      vertex 9.5 20.5 0
    endloop
  endfacet
  facet normal -1 0 0
    outer loop
      vertex 80.3 18.5 2.39
      vertex 80.3 109.6 2.4
      vertex 80.3 109.6 2.39
    endloop
  endfacet
  facet normal -1 -0 0
    outer loop
      vertex 80.3 109.6 2.4
      vertex 80.3 18.5 2.39
      vertex 80.3 18.5 2.4
    endloop
  endfacet
  facet normal 0 0 1
    outer loop
      vertex 80.3 109.6 2.39
      vertex 74.5 107 2.39
      vertex 80.3 18.5 2.39
    endloop
  endfacet
  facet normal -0 0 1
    outer loop
      vertex 9.2 109.6 2.39
      vertex 74.5 107 2.39
      vertex 80.3 109.6 2.39
    endloop
  endfacet
  facet normal 0 0 1
    outer loop
      vertex 9.2 18.5 2.39
      vertex 9.5 107 2.39
      vertex 9.2 109.6 2.39
    endloop
  endfacet
  facet normal 0 0 1
    outer loop
      vertex 74.5 107 2.39
      vertex 9.2 109.6 2.39
      vertex 9.5 107 2.39
    endloop
  endfacet
  facet normal -0 0 1
    outer loop
      vertex 74.5 20.5 2.39
      vertex 80.3 18.5 2.39
      vertex 74.5 107 2.39
    endloop
  endfacet
  facet normal 0 0 1
    outer loop
      vertex 9.2 18.5 2.39
      vertex 74.5 20.5 2.39
      vertex 9.5 20.5 2.39
    endloop
  endfacet
  facet normal 0 0 1
    outer loop
      vertex 74.5 20.5 2.39
      vertex 9.2 18.5 2.39
      vertex 80.3 18.5 2.39
    endloop
  endfacet
  facet normal 0 0 1
    outer loop
      vertex 9.5 107 2.39
      vertex 9.2 18.5 2.39
      vertex 9.5 20.5 2.39
    endloop
  endfacet
  facet normal 1 -0 0
    outer loop
      vertex 9.2 18.5 2.4
      vertex 9.2 109.6 2.39
      vertex 9.2 109.6 2.4
    endloop
  endfacet
  facet normal 1 0 0
    outer loop
      vertex 9.2 109.6 2.39
      vertex 9.2 18.5 2.4
      vertex 9.2 18.5 2.39
    endloop
  endfacet
  facet normal 0 -1 0
    outer loop
      vertex 9.2 109.6 2.39
      vertex 80.3 109.6 2.4
      vertex 9.2 109.6 2.4
    endloop
  endfacet
  facet normal 0 -1 -0
    outer loop
      vertex 80.3 109.6 2.4
      vertex 9.2 109.6 2.39
      vertex 80.3 109.6 2.39
    endloop
  endfacet
  facet normal 0 1 -0
    outer loop
      vertex 80.3 18.5 2.39
      vertex 9.2 18.5 2.4
      vertex 80.3 18.5 2.4
    endloop
  endfacet
  facet normal 0 1 0
    outer loop
      vertex 9.2 18.5 2.4
      vertex 80.3 18.5 2.39
      vertex 9.2 18.5 2.39
    endloop
  endfacet
endsolid OpenSCAD_Model
